2025-09-21 09:01:40,676 [INFO] Activator:176 - 


2025-09-21 09:01:40,679 [INFO] Activator:177 - !SESSION log4j initialized
2025-09-21 09:01:47,746 [INFO] LogOutputStream:77 - [STDOUT_REDIRECT] 
2025-09-21 09:01:49,286 [INFO] ApplicationProperties:184 - Using Application install path: C:\ST\STM32CubeIDE_1.14.0\STM32CubeIDE\plugins\com.st.stm32cube.common.mx_6.15.0.202507011659
2025-09-21 09:01:49,306 [INFO] DbMcusXml:78 - Set database path to: C:\ST\STM32CubeIDE_1.14.0\STM32CubeIDE\plugins\com.st.stm32cube.common.mx_6.15.0.202507011659\\db\/mcu/
2025-09-21 09:01:49,306 [INFO] ApiDb:274 - Set plugin database path to: C:\ST\STM32CubeIDE_1.14.0\STM32CubeIDE\plugins\com.st.stm32cube.common.mx_6.15.0.202507011659\\db\/plugins/boardmanager/
2025-09-21 09:01:49,309 [WARN] ApiDb:259 - Overriding images path with different value:  => C:\ST\STM32CubeIDE_1.14.0\STM32CubeIDE\plugins\com.st.stm32cube.common.mx_6.15.0.202507011659\\db\/plugins/mcufinder/images/
2025-09-21 09:01:49,319 [INFO] ApiDb:250 - Set database path to: C:\Users\jihoo\.stmcufinder\plugins\mcufinder//mcu/
2025-09-21 09:01:49,320 [INFO] DbMcusAds:125 - Set database path to: C:\Users\jihoo\.stmcufinder\plugins\mcufinder//mcu/
2025-09-21 09:01:49,323 [INFO] CrossReferenceDbSqlite:203 - Set database path to: C:\Users\jihoo\.stmcufinder\plugins\mcufinder//mcu/cs/
2025-09-21 09:01:49,423 [INFO] RulesReader:64 - Compatibility file has been processed (317 Rules)
2025-09-21 09:01:49,481 [INFO] DbMcusXml:78 - Set database path to: C:\ST\STM32CubeIDE_1.14.0\STM32CubeIDE\plugins\com.st.stm32cube.common.mx_6.15.0.202507011659\\db\/mcu/
2025-09-21 09:01:49,481 [INFO] ApiDb:274 - Set plugin database path to: C:\ST\STM32CubeIDE_1.14.0\STM32CubeIDE\plugins\com.st.stm32cube.common.mx_6.15.0.202507011659\\db\/plugins/boardmanager/
2025-09-21 09:01:49,481 [INFO] ApiDb:261 - Set plugin images path to: C:\ST\STM32CubeIDE_1.14.0\STM32CubeIDE\plugins\com.st.stm32cube.common.mx_6.15.0.202507011659\\db\/plugins/mcufinder/images/
2025-09-21 09:01:49,481 [WARN] DbFile:41 - Overriding database path with different value: C:\Users\jihoo\.stmcufinder\plugins\mcufinder/ => C:\Users\jihoo\.stmcufinder\plugins\mcufinder
2025-09-21 09:01:49,481 [INFO] ApiDb:250 - Set database path to: C:\Users\jihoo\.stmcufinder\plugins\mcufinder//mcu/
2025-09-21 09:01:49,481 [WARN] DbFile:41 - Overriding database path with different value: C:\Users\jihoo\.stmcufinder\plugins\mcufinder/ => C:\Users\jihoo\.stmcufinder\plugins\mcufinder
2025-09-21 09:01:49,482 [INFO] DbMcusAds:125 - Set database path to: C:\Users\jihoo\.stmcufinder\plugins\mcufinder//mcu/
2025-09-21 09:01:49,482 [WARN] DbFile:41 - Overriding database path with different value: C:\Users\jihoo\.stmcufinder\plugins\mcufinder/ => C:\Users\jihoo\.stmcufinder\plugins\mcufinder
2025-09-21 09:01:49,482 [WARN] DbFile:41 - Overriding database path with different value: C:\Users\jihoo\.stmcufinder\plugins\mcufinder/ => C:\Users\jihoo\.stmcufinder\plugins\mcufinder
2025-09-21 09:01:49,482 [INFO] CrossReferenceDbSqlite:203 - Set database path to: C:\Users\jihoo\.stmcufinder\plugins\mcufinder//mcu/cs/
2025-09-21 09:01:49,552 [INFO] MainPanel:274 - HeapMemory: 272629760
2025-09-21 09:01:49,678 [INFO] DbMcusXml:78 - Set database path to: C:\ST\STM32CubeIDE_1.14.0\STM32CubeIDE\plugins\com.st.stm32cube.common.mx_6.15.0.202507011659\\db\/mcu/
2025-09-21 09:01:49,679 [INFO] ApiDb:274 - Set plugin database path to: C:\ST\STM32CubeIDE_1.14.0\STM32CubeIDE\plugins\com.st.stm32cube.common.mx_6.15.0.202507011659\\db\/plugins/boardmanager/
2025-09-21 09:01:49,679 [INFO] ApiDb:261 - Set plugin images path to: C:\ST\STM32CubeIDE_1.14.0\STM32CubeIDE\plugins\com.st.stm32cube.common.mx_6.15.0.202507011659\\db\/plugins/mcufinder/images/
2025-09-21 09:01:49,679 [WARN] DbFile:41 - Overriding database path with different value: C:\Users\jihoo\.stmcufinder\plugins\mcufinder/ => C:\Users\jihoo\.stmcufinder\plugins\mcufinder
2025-09-21 09:01:49,679 [INFO] ApiDb:250 - Set database path to: C:\Users\jihoo\.stmcufinder\plugins\mcufinder//mcu/
2025-09-21 09:01:49,679 [WARN] DbFile:41 - Overriding database path with different value: C:\Users\jihoo\.stmcufinder\plugins\mcufinder/ => C:\Users\jihoo\.stmcufinder\plugins\mcufinder
2025-09-21 09:01:49,679 [INFO] DbMcusAds:125 - Set database path to: C:\Users\jihoo\.stmcufinder\plugins\mcufinder//mcu/
2025-09-21 09:01:49,679 [WARN] DbFile:41 - Overriding database path with different value: C:\Users\jihoo\.stmcufinder\plugins\mcufinder/ => C:\Users\jihoo\.stmcufinder\plugins\mcufinder
2025-09-21 09:01:49,679 [WARN] DbFile:41 - Overriding database path with different value: C:\Users\jihoo\.stmcufinder\plugins\mcufinder/ => C:\Users\jihoo\.stmcufinder\plugins\mcufinder
2025-09-21 09:01:49,679 [INFO] CrossReferenceDbSqlite:203 - Set database path to: C:\Users\jihoo\.stmcufinder\plugins\mcufinder//mcu/cs/
2025-09-21 09:01:49,696 [INFO] ApplicationProperties:184 - Using Application install path: C:\ST\STM32CubeIDE_1.14.0\STM32CubeIDE\plugins\com.st.stm32cube.common.mx_6.15.0.202507011659
2025-09-21 09:01:49,697 [INFO] PluginManage:196 - Search for loadable plugins [exclusion list=, ]
2025-09-21 09:01:49,698 [INFO] PluginManage:310 - Check plugin analytics
2025-09-21 09:01:49,899 [INFO] AnalyticsPlugin:253 - Accepted Software Licenses: STM32CubeMX.6.6.1,STM32CubeMX.6.7.0,STM32CubeMX.6.10.0,STM32CubeMX.6.12.0,STM32CubeMX.6.13.0,STM32CubeMX.6.14.1,STM32CubeMX.6.15.0
2025-09-21 09:01:49,900 [INFO] AnalyticsPlugin:255 - Accepted CMSIS Pack Licenses: Oryx-Embedded.Middleware.2.5.2
2025-09-21 09:01:49,900 [INFO] AnalyticsPlugin:257 - Accepted Firmware Licenses: FW.H7.1.12.0,FW.F4.1.28.0
2025-09-21 09:01:49,902 [INFO] PluginManage:359 - Loaded plugin analytics (category:tool,tabindex:-1)
2025-09-21 09:01:49,903 [INFO] PluginManage:310 - Check plugin cadmodel
2025-09-21 09:01:49,915 [INFO] CADModel:105 - Init CAD model plugin
2025-09-21 09:01:49,915 [INFO] PluginManage:359 - Loaded plugin cadmodel (category:power,tabindex:5)
2025-09-21 09:01:49,916 [INFO] PluginManage:310 - Check plugin clock
2025-09-21 09:01:49,927 [INFO] PluginManage:359 - Loaded plugin clock (category:base,tabindex:2)
2025-09-21 09:01:49,928 [INFO] PluginManage:310 - Check plugin ddr
2025-09-21 09:01:49,930 [INFO] PluginManage:359 - Loaded plugin ddr (category:tool,tabindex:6)
2025-09-21 09:01:49,930 [INFO] PluginManage:310 - Check plugin filemanager
2025-09-21 09:01:50,184 [INFO] PluginManage:359 - Loaded plugin filemanager (category:base,tabindex:10)
2025-09-21 09:01:50,184 [INFO] PluginManage:310 - Check plugin ipmanager
2025-09-21 09:01:50,191 [INFO] PluginManage:359 - Loaded plugin ipmanager (category:base,tabindex:5)
2025-09-21 09:01:50,191 [INFO] PluginManage:310 - Check plugin lpbam
2025-09-21 09:01:50,198 [INFO] PluginManage:359 - Loaded plugin lpbam (category:base,tabindex:0)
2025-09-21 09:01:50,199 [INFO] PluginManage:310 - Check plugin memorymap
2025-09-21 09:01:50,213 [INFO] PluginManage:359 - Loaded plugin memorymap (category:base,tabindex:4)
2025-09-21 09:01:50,213 [INFO] PluginManage:310 - Check plugin pinoutandconfiguration
2025-09-21 09:01:50,222 [INFO] PluginManage:359 - Loaded plugin pinoutandconfiguration (category:base,tabindex:1)
2025-09-21 09:01:50,222 [INFO] PluginManage:310 - Check plugin pinoutconfig
2025-09-21 09:01:50,304 [WARN] SupportedApi:132 - Cannot load RTOS API schema: s4s-elt-must-match.1: The content of 'definitions' must match (annotation?, (simpleType | complexType)?, (unique | key | keyref)*)). A problem was found starting at: attribute.
2025-09-21 09:01:50,431 [INFO] PluginManage:359 - Loaded plugin pinoutconfig (category:base,tabindex:0)
2025-09-21 09:01:50,431 [INFO] PluginManage:310 - Check plugin power
2025-09-21 09:01:50,442 [INFO] PluginManage:359 - Loaded plugin power (category:power,tabindex:4)
2025-09-21 09:01:50,442 [INFO] PluginManage:310 - Check plugin projectmanager
2025-09-21 09:01:50,454 [INFO] PluginManage:359 - Loaded plugin projectmanager (category:projectmanager,tabindex:4)
2025-09-21 09:01:50,454 [INFO] PluginManage:310 - Check plugin rif
2025-09-21 09:01:50,464 [INFO] PluginManage:359 - Loaded plugin rif (category:base,tabindex:3)
2025-09-21 09:01:50,464 [INFO] PluginManage:310 - Check plugin thirdparty
2025-09-21 09:01:50,611 [WARN] IntegrityCheckThread:84 - waiting for thirdparty lock release [integrity check]
2025-09-21 09:01:50,611 [INFO] IntegrityCheckThread:86 - entering critical section [integrity check]
2025-09-21 09:01:50,611 [INFO] PluginManage:359 - Loaded plugin thirdparty (category:base,tabindex:-1)
2025-09-21 09:01:50,611 [INFO] PluginManage:310 - Check plugin tools
2025-09-21 09:01:50,611 [INFO] ThirdPartyUpdaterWithRetryManager:70 - Updater plugin not ready yet. [1/15]
2025-09-21 09:01:50,615 [INFO] PluginManage:359 - Loaded plugin tools (category:base,tabindex:7)
2025-09-21 09:01:50,615 [INFO] PluginManage:310 - Check plugin tutovideos
2025-09-21 09:01:50,828 [INFO] PluginManage:359 - Loaded plugin tutovideos (category:base,tabindex:-1)
2025-09-21 09:01:50,828 [INFO] PluginManage:310 - Check plugin updater
2025-09-21 09:01:50,847 [INFO] PluginManage:359 - Loaded plugin updater (category:base,tabindex:12)
2025-09-21 09:01:50,848 [INFO] PluginManage:310 - Check plugin userauth
2025-09-21 09:01:50,851 [INFO] UserAuth:118 - Init User Auth plugin
2025-09-21 09:01:50,852 [INFO] PluginManage:359 - Loaded plugin userauth (category:base,tabindex:14)
2025-09-21 09:01:50,853 [INFO] PluginManage:283 - PluginManage : Loaded plugins [18]
2025-09-21 09:01:51,084 [INFO] PinOutPanel:1589 - setPackage(No Configuration,No Configuration)
2025-09-21 09:01:51,166 [INFO] CADModel:165 - CPN selected for project level
2025-09-21 09:01:51,166 [INFO] CADModel:114 - Register for checkConnection events
2025-09-21 09:01:51,189 [INFO] IPUIPlugin:80 - create IPUIPlugin
2025-09-21 09:01:51,189 [INFO] PluginManager:220 - loadIPPluginJar : add adc
2025-09-21 09:01:51,192 [INFO] IPUIPlugin:80 - create IPUIPlugin
2025-09-21 09:01:51,192 [INFO] PluginManager:220 - loadIPPluginJar : add aes
2025-09-21 09:01:51,195 [INFO] IPUIPlugin:80 - create IPUIPlugin
2025-09-21 09:01:51,195 [INFO] PluginManager:220 - loadIPPluginJar : add can
2025-09-21 09:01:51,197 [INFO] IPUIPlugin:80 - create IPUIPlugin
2025-09-21 09:01:51,197 [INFO] PluginManager:220 - loadIPPluginJar : add comp
2025-09-21 09:01:51,200 [INFO] IPUIPlugin:80 - create IPUIPlugin
2025-09-21 09:01:51,200 [INFO] PluginManager:220 - loadIPPluginJar : add cryp
2025-09-21 09:01:51,205 [INFO] IPUIPlugin:80 - create IPUIPlugin
2025-09-21 09:01:51,206 [INFO] PluginManager:220 - loadIPPluginJar : add ddr_ctrl_phy
2025-09-21 09:01:51,209 [INFO] IPUIPlugin:80 - create IPUIPlugin
2025-09-21 09:01:51,209 [INFO] PluginManager:220 - loadIPPluginJar : add dfsdm
2025-09-21 09:01:51,213 [INFO] IPUIPlugin:80 - create IPUIPlugin
2025-09-21 09:01:51,214 [INFO] PluginManager:220 - loadIPPluginJar : add dma
2025-09-21 09:01:51,217 [INFO] IPUIPlugin:80 - create IPUIPlugin
2025-09-21 09:01:51,217 [INFO] PluginManager:220 - loadIPPluginJar : add dma3
2025-09-21 09:01:51,220 [INFO] IPUIPlugin:80 - create IPUIPlugin
2025-09-21 09:01:51,221 [INFO] PluginManager:220 - loadIPPluginJar : add extmemmanager
2025-09-21 09:01:51,223 [INFO] IPUIPlugin:80 - create IPUIPlugin
2025-09-21 09:01:51,223 [INFO] PluginManager:220 - loadIPPluginJar : add fatfs
2025-09-21 09:01:51,228 [INFO] IPUIPlugin:80 - create IPUIPlugin
2025-09-21 09:01:51,228 [INFO] PluginManager:220 - loadIPPluginJar : add fmc
2025-09-21 09:01:51,234 [INFO] IPUIPlugin:80 - create IPUIPlugin
2025-09-21 09:01:51,235 [INFO] PluginManager:220 - loadIPPluginJar : add freertos
2025-09-21 09:01:51,237 [INFO] IPUIPlugin:80 - create IPUIPlugin
2025-09-21 09:01:51,237 [INFO] PluginManager:220 - loadIPPluginJar : add genericplugin
2025-09-21 09:01:51,239 [INFO] IPUIPlugin:80 - create IPUIPlugin
2025-09-21 09:01:51,239 [INFO] PluginManager:220 - loadIPPluginJar : add gfxmmu
2025-09-21 09:01:51,246 [INFO] IPUIPlugin:80 - create IPUIPlugin
2025-09-21 09:01:51,246 [INFO] PluginManager:220 - loadIPPluginJar : add gic
2025-09-21 09:01:51,252 [INFO] IPUIPlugin:80 - create IPUIPlugin
2025-09-21 09:01:51,252 [INFO] PluginManager:220 - loadIPPluginJar : add gpio
2025-09-21 09:01:51,257 [INFO] IPUIPlugin:80 - create IPUIPlugin
2025-09-21 09:01:51,257 [INFO] PluginManager:220 - loadIPPluginJar : add gtzc
2025-09-21 09:01:51,261 [INFO] IPUIPlugin:80 - create IPUIPlugin
2025-09-21 09:01:51,261 [INFO] PluginManager:220 - loadIPPluginJar : add hash
2025-09-21 09:01:51,264 [INFO] IPUIPlugin:80 - create IPUIPlugin
2025-09-21 09:01:51,264 [INFO] PluginManager:220 - loadIPPluginJar : add i2c
2025-09-21 09:01:51,267 [INFO] IPUIPlugin:80 - create IPUIPlugin
2025-09-21 09:01:51,267 [INFO] PluginManager:220 - loadIPPluginJar : add i2s
2025-09-21 09:01:51,271 [INFO] IPUIPlugin:80 - create IPUIPlugin
2025-09-21 09:01:51,271 [INFO] PluginManager:220 - loadIPPluginJar : add i3c
2025-09-21 09:01:51,275 [INFO] IPUIPlugin:80 - create IPUIPlugin
2025-09-21 09:01:51,275 [INFO] PluginManager:220 - loadIPPluginJar : add ipddr
2025-09-21 09:01:51,284 [INFO] IPUIPlugin:80 - create IPUIPlugin
2025-09-21 09:01:51,284 [INFO] PluginManager:220 - loadIPPluginJar : add linkedlist
2025-09-21 09:01:51,289 [INFO] IPUIPlugin:80 - create IPUIPlugin
2025-09-21 09:01:51,289 [INFO] PluginManager:220 - loadIPPluginJar : add lorawan
2025-09-21 09:01:51,291 [INFO] IPUIPlugin:80 - create IPUIPlugin
2025-09-21 09:01:51,291 [INFO] PluginManager:220 - loadIPPluginJar : add ltdc
2025-09-21 09:01:51,298 [INFO] IPUIPlugin:80 - create IPUIPlugin
2025-09-21 09:01:51,298 [INFO] PluginManager:220 - loadIPPluginJar : add mdma
2025-09-21 09:01:51,303 [INFO] IPUIPlugin:80 - create IPUIPlugin
2025-09-21 09:01:51,303 [INFO] PluginManager:220 - loadIPPluginJar : add nvic
2025-09-21 09:01:51,307 [INFO] IPUIPlugin:80 - create IPUIPlugin
2025-09-21 09:01:51,307 [INFO] PluginManager:220 - loadIPPluginJar : add opamp
2025-09-21 09:01:51,311 [INFO] IPUIPlugin:80 - create IPUIPlugin
2025-09-21 09:01:51,311 [INFO] PluginManager:220 - loadIPPluginJar : add openamp
2025-09-21 09:01:51,318 [INFO] IPUIPlugin:80 - create IPUIPlugin
2025-09-21 09:01:51,318 [INFO] PluginManager:220 - loadIPPluginJar : add pdm2pcm
2025-09-21 09:01:51,325 [INFO] IPUIPlugin:80 - create IPUIPlugin
2025-09-21 09:01:51,327 [INFO] PluginManager:220 - loadIPPluginJar : add plateformsettings
2025-09-21 09:01:51,329 [INFO] IPUIPlugin:80 - create IPUIPlugin
2025-09-21 09:01:51,330 [INFO] PluginManager:220 - loadIPPluginJar : add quadspi
2025-09-21 09:01:51,332 [INFO] IPUIPlugin:80 - create IPUIPlugin
2025-09-21 09:01:51,333 [INFO] PluginManager:220 - loadIPPluginJar : add radio
2025-09-21 09:01:51,338 [INFO] IPUIPlugin:80 - create IPUIPlugin
2025-09-21 09:01:51,338 [INFO] PluginManager:220 - loadIPPluginJar : add resmgrutility
2025-09-21 09:01:51,341 [INFO] IPUIPlugin:80 - create IPUIPlugin
2025-09-21 09:01:51,341 [INFO] PluginManager:220 - loadIPPluginJar : add sai
2025-09-21 09:01:51,344 [INFO] IPUIPlugin:80 - create IPUIPlugin
2025-09-21 09:01:51,344 [INFO] PluginManager:220 - loadIPPluginJar : add spi
2025-09-21 09:01:51,350 [INFO] IPUIPlugin:80 - create IPUIPlugin
2025-09-21 09:01:51,350 [INFO] PluginManager:220 - loadIPPluginJar : add stm32_wpan
2025-09-21 09:01:51,352 [INFO] IPUIPlugin:80 - create IPUIPlugin
2025-09-21 09:01:51,352 [INFO] PluginManager:220 - loadIPPluginJar : add tim
2025-09-21 09:01:51,356 [INFO] IPUIPlugin:80 - create IPUIPlugin
2025-09-21 09:01:51,356 [INFO] PluginManager:220 - loadIPPluginJar : add touchsensing
2025-09-21 09:01:51,359 [INFO] IPUIPlugin:80 - create IPUIPlugin
2025-09-21 09:01:51,359 [INFO] PluginManager:220 - loadIPPluginJar : add tracer_emb
2025-09-21 09:01:51,361 [INFO] IPUIPlugin:80 - create IPUIPlugin
2025-09-21 09:01:51,361 [INFO] PluginManager:220 - loadIPPluginJar : add ts
2025-09-21 09:01:51,364 [INFO] IPUIPlugin:80 - create IPUIPlugin
2025-09-21 09:01:51,364 [INFO] PluginManager:220 - loadIPPluginJar : add tsc
2025-09-21 09:01:51,366 [INFO] IPUIPlugin:80 - create IPUIPlugin
2025-09-21 09:01:51,366 [INFO] PluginManager:220 - loadIPPluginJar : add ucpd
2025-09-21 09:01:51,369 [INFO] IPUIPlugin:80 - create IPUIPlugin
2025-09-21 09:01:51,369 [INFO] PluginManager:220 - loadIPPluginJar : add usart
2025-09-21 09:01:51,372 [INFO] IPUIPlugin:80 - create IPUIPlugin
2025-09-21 09:01:51,372 [INFO] PluginManager:220 - loadIPPluginJar : add usbx
2025-09-21 09:01:51,498 [FATAL] Updater:351 - Updater called before beeing initialized
2025-09-21 09:01:51,521 [INFO] RulesReader:64 - Compatibility file has been processed (317 Rules)
2025-09-21 09:01:51,530 [INFO] RulesReader:64 - Compatibility file has been processed (317 Rules)
2025-09-21 09:01:51,537 [INFO] CADModel:165 - CPN selected for project level
2025-09-21 09:01:51,537 [INFO] CADModel:114 - Register for checkConnection events
2025-09-21 09:01:51,537 [FATAL] Updater:351 - Updater called before beeing initialized
2025-09-21 09:01:51,538 [ERROR] CADModel:125 - Updater not yet initialized, retry later 
2025-09-21 09:01:51,730 [FATAL] Updater:351 - Updater called before beeing initialized
2025-09-21 09:01:51,733 [INFO] CADModel:165 - CPN selected for project level
2025-09-21 09:01:51,733 [INFO] CADModel:114 - Register for checkConnection events
2025-09-21 09:01:51,733 [FATAL] Updater:351 - Updater called before beeing initialized
2025-09-21 09:01:51,733 [ERROR] CADModel:125 - Updater not yet initialized, retry later 
2025-09-21 09:01:51,736 [FATAL] Updater:351 - Updater called before beeing initialized
2025-09-21 09:01:51,874 [FATAL] Updater:351 - Updater called before beeing initialized
2025-09-21 09:01:51,877 [INFO] DbMcusAds:53 - JSON generation date=Tue Jul 08 17:14:23 KST 2025 (1751962463524)
2025-09-21 09:01:51,877 [FATAL] Updater:351 - Updater called before beeing initialized
2025-09-21 09:01:51,916 [WARN] DetailPanel:346 - Failed to get advertising image, set to default
2025-09-21 09:01:51,994 [FATAL] Updater:351 - Updater called before beeing initialized
2025-09-21 09:01:51,997 [FATAL] Updater:351 - Updater called before beeing initialized
2025-09-21 09:01:51,997 [FATAL] Updater:351 - Updater called before beeing initialized
2025-09-21 09:01:51,997 [WARN] DetailPanel:346 - Failed to get advertising image, set to default
2025-09-21 09:01:51,998 [FATAL] Updater:351 - Updater called before beeing initialized
2025-09-21 09:01:52,039 [ERROR] Updater:1198 - MainUpdater not yet initialized. External WinMGr cannot be set.
2025-09-21 09:01:52,041 [INFO] Updater:1134 - Updater Version found : 6.15.0
2025-09-21 09:01:52,057 [INFO] ApplicationProperties:184 - Using Application install path: C:\ST\STM32CubeIDE_1.14.0\STM32CubeIDE\plugins\com.st.stm32cube.common.mx_6.15.0.202507011659
2025-09-21 09:01:52,676 [INFO] MainUpdater:2872 - connection check result : 10
2025-09-21 09:01:52,677 [INFO] MainUpdater:289 - Updater Check For Update Now.
2025-09-21 09:01:52,677 [INFO] MicroXplorer:498 - Change Database Version : DB.6.0.150
2025-09-21 09:01:52,683 [INFO] McuFinderGlobals:63 - Set McuFinder mode to 2 (CubeIDE integrated)
2025-09-21 09:01:52,684 [INFO] UserAuth:487 - Internet connection configuration mode: 1
2025-09-21 09:01:52,709 [INFO] JxBrowserEngine:152 - Initiate JxBrowser Engine with user profile folder
2025-09-21 09:01:52,856 [INFO] CheckServerUpdateThread:120 - End of CheckServer Thread
2025-09-21 09:01:54,743 [WARN] PackLoader:240 - Cannot read IP mode file for STMicroelectronics.FP-SNS-MOTENVWB1.1.4.0
2025-09-21 09:01:54,749 [WARN] PackLoader:240 - Cannot read IP mode file for STMicroelectronics.FP-ATR-ASTRA1.2.0.2
2025-09-21 09:01:54,752 [WARN] PackLoader:240 - Cannot read IP mode file for STMicroelectronics.FP-ATR-ASTRA1.2.0.1
2025-09-21 09:01:54,762 [WARN] PackLoader:240 - Cannot read IP mode file for STMicroelectronics.X-CUBE-SMBUS.2.1.0
2025-09-21 09:01:54,770 [WARN] PackLoader:240 - Cannot read IP mode file for STMicroelectronics.X-CUBE-WB05N.1.1.0
2025-09-21 09:01:54,776 [WARN] PackLoader:240 - Cannot read IP mode file for STMicroelectronics.X-CUBE-ST60.1.0.0
2025-09-21 09:01:54,783 [WARN] PackLoader:240 - Cannot read IP mode file for STMicroelectronics.X-CUBE-TOUCHGFX.4.23.0
2025-09-21 09:01:54,807 [INFO] WebApp:169 - Instantiating new browser for Auth
2025-09-21 09:01:54,811 [WARN] PackLoader:240 - Cannot read IP mode file for STMicroelectronics.X-CUBE-AZRTOS-F7.1.1.0
2025-09-21 09:01:54,830 [WARN] PackLoader:240 - Cannot read IP mode file for STMicroelectronics.FP-SNS-MOTENV1.4.3.2
2025-09-21 09:01:54,839 [ERROR] RealEvaluatedCondition:428 - Found unsupported composite condition: GROUP='STM32_MetaDataManager' CLASS='Data Exchange'
2025-09-21 09:01:54,839 [ERROR] RealEvaluatedCondition:428 - Found unsupported composite condition: CLASS='Data Exchange' GROUP='STM32_MetaDataManager'
2025-09-21 09:01:54,841 [WARN] PackLoader:240 - Cannot read IP mode file for STMicroelectronics.FP-SNS-MOTENV1.4.3.1
2025-09-21 09:01:54,848 [WARN] PackLoader:240 - Cannot read IP mode file for STMicroelectronics.FP-SNS-FLIGHT1.5.0.1
2025-09-21 09:01:54,860 [WARN] PackLoader:240 - Cannot read IP mode file for STMicroelectronics.X-CUBE-BLE1.6.2.3
2025-09-21 09:01:54,929 [WARN] PackLoader:240 - Cannot read IP mode file for STMicroelectronics.X-CUBE-MEMS1.11.0.0
2025-09-21 09:01:55,057 [WARN] PackLoader:240 - Cannot read IP mode file for STMicroelectronics.X-CUBE-BLE1.6.2.4
2025-09-21 09:01:55,064 [WARN] PackLoader:240 - Cannot read IP mode file for WES.I-CUBE-Cesium.1.4.0
2025-09-21 09:01:55,067 [WARN] PackLoader:240 - Cannot read IP mode file for STMicroelectronics.FP-SNS-FLIGHT1.5.0.2
2025-09-21 09:01:55,090 [WARN] PackLoader:240 - Cannot read IP mode file for Infineon.AIROC-Wi-Fi-Bluetooth-STM32.1.7.1
2025-09-21 09:01:55,101 [WARN] PackLoader:240 - Cannot read IP mode file for STMicroelectronics.X-CUBE-TOF1.3.1.0
2025-09-21 09:01:55,121 [WARN] PackLoader:240 - Cannot read IP mode file for STMicroelectronics.X-CUBE-AZRTOS-H7.3.4.0
2025-09-21 09:01:55,129 [WARN] PackLoader:240 - Cannot read IP mode file for STMicroelectronics.X-CUBE-DISPLAY.3.0.0
2025-09-21 09:01:55,136 [WARN] PackLoader:240 - Cannot read IP mode file for STMicroelectronics.X-CUBE-BLE1.7.0.0
2025-09-21 09:01:55,143 [WARN] PackLoader:240 - Cannot read IP mode file for STMicroelectronics.X-CUBE-NFC10.1.0.0
2025-09-21 09:01:55,153 [WARN] PackLoader:240 - Cannot read IP mode file for STMicroelectronics.X-CUBE-BLEMGR.4.0.0
2025-09-21 09:01:55,161 [WARN] PackLoader:240 - Cannot read IP mode file for emotas.I-CUBE-CANOPEN.1.3.0
2025-09-21 09:01:55,196 [WARN] PackLoader:240 - Cannot read IP mode file for STMicroelectronics.X-CUBE-MEMS1.9.3.0
2025-09-21 09:01:55,287 [WARN] PackLoader:240 - Cannot read IP mode file for STMicroelectronics.X-CUBE-AI.7.2.0
2025-09-21 09:01:55,302 [WARN] PackLoader:240 - Cannot read IP mode file for STMicroelectronics.X-CUBE-BLEMGR.3.1.0
2025-09-21 09:01:55,310 [WARN] PackLoader:240 - Cannot read IP mode file for STMicroelectronics.X-CUBE-AI.10.0.0
2025-09-21 09:01:55,319 [WARN] PackLoader:240 - Cannot read IP mode file for STMicroelectronics.FP-SNS-STBOX1.2.1.0
2025-09-21 09:01:55,328 [WARN] PackLoader:240 - Cannot read IP mode file for STMicroelectronics.FP-SNS-SMARTAG2.1.2.0
2025-09-21 09:01:55,333 [WARN] PackLoader:240 - Cannot read IP mode file for STMicroelectronics.FP-SNS-FLIGHT1.5.1.0
2025-09-21 09:01:55,345 [INFO] LogOutputStream:77 - [STDOUT_REDIRECT] 1 : Invalid condition id : UX_CORESTACK_Condition cause : null
2025-09-21 09:01:55,346 [INFO] LogOutputStream:77 - [STDOUT_REDIRECT] 1 : Invalid condition id : UX_CORESTACK_Condition cause : null
2025-09-21 09:01:55,347 [INFO] LogOutputStream:77 - [STDOUT_REDIRECT] 1 : Invalid condition id : UX_CORESTACK_Condition cause : null
2025-09-21 09:01:55,348 [INFO] LogOutputStream:77 - [STDOUT_REDIRECT] 1 : Invalid condition id : UX_CORESTACK_Condition cause : null
2025-09-21 09:01:55,349 [INFO] LogOutputStream:77 - [STDOUT_REDIRECT] 1 : Invalid condition id : UX_CORESTACK_Condition cause : null
2025-09-21 09:01:55,352 [WARN] PackLoader:240 - Cannot read IP mode file for STMicroelectronics.X-CUBE-AZRTOS-WL.2.0.0
2025-09-21 09:01:55,359 [WARN] PackLoader:240 - Cannot read IP mode file for STMicroelectronics.FP-SNS-MOTENV1.5.0.0
2025-09-21 09:01:55,366 [WARN] PackLoader:240 - Cannot read IP mode file for wolfSSL.I-CUBE-wolfMQTT.1.19.0
2025-09-21 09:01:55,372 [WARN] PackLoader:240 - Cannot read IP mode file for WES.I-CUBE-Cesium.1.3.0
2025-09-21 09:01:55,379 [WARN] PackLoader:240 - Cannot read IP mode file for STMicroelectronics.X-CUBE-BLE2.3.3.0
2025-09-21 09:01:55,386 [WARN] PackLoader:240 - Cannot read IP mode file for STMicroelectronics.X-CUBE-DISPLAY.2.2.0
2025-09-21 09:01:55,400 [WARN] PackLoader:240 - Cannot read IP mode file for STMicroelectronics.X-CUBE-TOF1.3.2.0
2025-09-21 09:01:55,409 [WARN] PackLoader:240 - Cannot read IP mode file for STMicroelectronics.X-CUBE-ISPU.1.0.0
2025-09-21 09:01:55,455 [WARN] ConditionMgr:438 - getConditionDescription Invalid condition id : Dummy Dependencies cause : null
2025-09-21 09:01:55,696 [WARN] ConditionMgr:1044 - genDependencies : Invalid condition id : Dummy Dependencies cause : null
2025-09-21 09:01:55,705 [WARN] ConditionMgr:1044 - genDependencies : Invalid condition id : Dummy Dependencies cause : null
2025-09-21 09:01:55,707 [WARN] ConditionMgr:1044 - genDependencies : Invalid condition id : Dummy Dependencies cause : null
2025-09-21 09:01:55,722 [WARN] ConditionMgr:438 - getConditionDescription Invalid condition id : Dummy Dependencies cause : null
2025-09-21 09:01:55,741 [INFO] WebApp:463 - Apply proxy settings
2025-09-21 09:01:55,741 [INFO] WebApp:548 - Chromium requires no authentication
2025-09-21 09:01:55,761 [INFO] WebApp:491 - Direct internet connection detected
2025-09-21 09:01:55,790 [INFO] WebApp:900 - Register for checkConnection events
2025-09-21 09:01:55,790 [INFO] WebApp:463 - Apply proxy settings
2025-09-21 09:01:55,790 [INFO] WebApp:548 - Chromium requires no authentication
2025-09-21 09:01:55,791 [INFO] WebApp:491 - Direct internet connection detected
2025-09-21 09:01:55,829 [WARN] PackLoader:240 - Cannot read IP mode file for STMicroelectronics.X-CUBE-NFC9.1.0.0
2025-09-21 09:01:55,843 [WARN] PackLoader:240 - Cannot read IP mode file for STMicroelectronics.X-CUBE-AZRTOS-H7.2.1.0
2025-09-21 09:01:55,849 [WARN] PackLoader:240 - Cannot read IP mode file for wolfSSL.I-CUBE-wolfSSL.5.8.2
2025-09-21 09:01:55,853 [WARN] PackLoader:240 - Cannot read IP mode file for STMicroelectronics.X-CUBE-BLE1.7.1.0
2025-09-21 09:01:55,856 [WARN] PackLoader:240 - Cannot read IP mode file for wolfSSL.I-CUBE-wolfMQTT.1.19.2
2025-09-21 09:01:55,863 [WARN] PackLoader:240 - Cannot read IP mode file for STMicroelectronics.X-CUBE-TCPP.4.1.0
2025-09-21 09:01:55,872 [WARN] PackLoader:240 - Cannot read IP mode file for STMicroelectronics.X-CUBE-EEPRMA1.5.2.0
2025-09-21 09:01:55,877 [WARN] PackLoader:240 - Cannot read IP mode file for STMicroelectronics.X-CUBE-TOUCHGFX.4.21.1
2025-09-21 09:01:55,879 [WARN] PackLoader:240 - Cannot read IP mode file for STMicroelectronics.X-CUBE-TOUCHGFX.4.21.0
2025-09-21 09:01:55,883 [WARN] PackLoader:240 - Cannot read IP mode file for STMicroelectronics.X-CUBE-TOUCHGFX.4.21.4
2025-09-21 09:01:55,910 [WARN] PackLoader:240 - Cannot read IP mode file for STMicroelectronics.X-CUBE-MEMS1.9.4.0
2025-09-21 09:01:55,996 [WARN] PackLoader:240 - Cannot read IP mode file for STMicroelectronics.X-CUBE-AI.7.3.0
2025-09-21 09:01:56,017 [WARN] PackLoader:240 - Cannot read IP mode file for STMicroelectronics.X-CUBE-AI.10.1.0
2025-09-21 09:01:56,022 [WARN] PackLoader:240 - Cannot read IP mode file for STMicroelectronics.X-CUBE-ALGOBUILD.1.3.0
2025-09-21 09:01:56,045 [INFO] WebApp:225 - Starting web application
2025-09-21 09:01:56,046 [INFO] WebApp:593 - Web application path used C:\ST\STM32CubeIDE_1.14.0\STM32CubeIDE\plugins\com.st.stm32cube.common.mx_6.15.0.202507011659\db\plugins\mcufinder\reactClient1\index.html
2025-09-21 09:01:56,068 [INFO] WebApp:191 - Connection restablished
2025-09-21 09:01:56,072 [WARN] PackLoader:240 - Cannot read IP mode file for STMicroelectronics.X-CUBE-MEMS1.11.2.0
2025-09-21 09:01:56,183 [WARN] PackLoader:240 - Cannot read IP mode file for STMicroelectronics.X-CUBE-AZRTOS-G0.1.1.0
2025-09-21 09:01:56,184 [INFO] UserAuth:487 - Internet connection configuration mode: 1
2025-09-21 09:01:56,191 [WARN] PackLoader:240 - Cannot read IP mode file for STMicroelectronics.X-CUBE-SAFEA1.1.2.2
2025-09-21 09:01:56,197 [WARN] PackLoader:240 - Cannot read IP mode file for STMicroelectronics.X-CUBE-NFC4.3.0.0
2025-09-21 09:01:56,234 [WARN] PackLoader:240 - Cannot read IP mode file for SEGGER.I-CUBE-embOS.1.2.0
2025-09-21 09:01:56,277 [WARN] PackLoader:240 - Cannot read IP mode file for EmbeddedOffice.I-CUBE-FS-RTOS.1.0.1
2025-09-21 09:01:56,285 [WARN] PackLoader:240 - Cannot read IP mode file for STMicroelectronics.X-CUBE-WB05N.2.0.0
2025-09-21 09:01:56,296 [WARN] PackLoader:240 - Cannot read IP mode file for STMicroelectronics.X-CUBE-BLEMGR.3.0.0
2025-09-21 09:01:56,303 [WARN] PackLoader:240 - Cannot read IP mode file for wolfSSL.I-CUBE-wolfTPM.3.8.0
2025-09-21 09:01:56,311 [WARN] PackLoader:240 - Cannot read IP mode file for STMicroelectronics.X-CUBE-BLEMGR.1.3.0
2025-09-21 09:01:56,319 [WARN] PackLoader:240 - Cannot read IP mode file for STMicroelectronics.X-CUBE-TCPP.4.2.0
2025-09-21 09:01:56,327 [WARN] PackLoader:240 - Cannot read IP mode file for RealThread.X-CUBE-RT-Thread_Nano.4.1.1
2025-09-21 09:01:56,331 [WARN] PackLoader:240 - Cannot read IP mode file for STMicroelectronics.FP-ATR-SIGFOX1.3.2.0
2025-09-21 09:01:56,337 [WARN] ConditionMgr:438 - getConditionDescription Invalid condition id : Cortex-A Device cause : null
2025-09-21 09:01:56,347 [WARN] ConditionMgr:1044 - genDependencies : Invalid condition id : Cortex-A Device cause : null
2025-09-21 09:01:56,347 [WARN] ConditionMgr:1044 - genDependencies : Invalid condition id : Cortex-A Device cause : null
2025-09-21 09:01:56,348 [WARN] ConditionMgr:1044 - genDependencies : Invalid condition id : Cortex-A Device cause : null
2025-09-21 09:01:56,353 [WARN] PackLoader:240 - Cannot read IP mode file for STMicroelectronics.X-CUBE-EEPRMA1.5.1.0
2025-09-21 09:01:56,361 [WARN] PackLoader:240 - Cannot read IP mode file for emotas.I-CUBE-CANOPEN.1.1.2
2025-09-21 09:01:56,365 [WARN] PackLoader:240 - Cannot read IP mode file for STMicroelectronics.X-CUBE-TOUCHGFX.4.20.0
2025-09-21 09:01:56,376 [WARN] PackLoader:240 - Cannot read IP mode file for ITTIA_DB.I-CUBE-ITTIADB.8.9.0
2025-09-21 09:01:56,385 [WARN] PackLoader:240 - Cannot read IP mode file for STMicroelectronics.X-CUBE-ST67W61.1.0.0
2025-09-21 09:01:56,392 [WARN] PackLoader:240 - Cannot read IP mode file for STMicroelectronics.X-CUBE-AI.10.2.0
2025-09-21 09:01:56,418 [WARN] PackLoader:240 - Cannot read IP mode file for SEGGER.I-CUBE-embOS.1.3.1
2025-09-21 09:01:56,484 [WARN] PackLoader:240 - Cannot read IP mode file for STMicroelectronics.X-CUBE-ALGOBUILD.1.4.0
2025-09-21 09:01:56,546 [WARN] PackLoader:240 - Cannot read IP mode file for STMicroelectronics.X-CUBE-MEMS1.11.3.0
2025-09-21 09:01:56,691 [WARN] PackLoader:240 - Cannot read IP mode file for STMicroelectronics.X-CUBE-AI.9.1.0
2025-09-21 09:01:56,698 [WARN] PackLoader:240 - Cannot read IP mode file for STMicroelectronics.X-CUBE-PM33A1.1.0.0
2025-09-21 09:01:56,705 [WARN] PackLoader:240 - Cannot read IP mode file for STMicroelectronics.X-CUBE-GNSS1.6.0.0
2025-09-21 09:01:56,725 [WARN] PackLoader:240 - Cannot read IP mode file for STMicroelectronics.X-CUBE-AZRTOS-F4.1.1.0
2025-09-21 09:01:56,729 [WARN] PackLoader:240 - Cannot read IP mode file for Avnet-IotConnect.X-CUBE-IoTC-DA16k-PMOD.1.0.0
2025-09-21 09:01:56,729 [WARN] PackLoader:240 - Cannot read IP mode file for STMicroelectronics.X-CUBE-ISPU.2.1.0
2025-09-21 09:01:56,741 [WARN] PackLoader:240 - Cannot read IP mode file for STMicroelectronics.X-CUBE-FREERTOS.1.2.0
2025-09-21 09:01:56,748 [WARN] PackLoader:240 - Cannot read IP mode file for wolfSSL.I-CUBE-wolfSSL.5.6.6
2025-09-21 09:01:56,754 [WARN] PackLoader:240 - Cannot read IP mode file for STMicroelectronics.X-CUBE-NFC12.1.0.0
2025-09-21 09:01:56,771 [WARN] PackLoader:240 - Cannot read IP mode file for STMicroelectronics.X-CUBE-AZRTOS-L5.2.0.0
2025-09-21 09:01:56,803 [WARN] PackLoader:240 - Cannot read IP mode file for STMicroelectronics.X-CUBE-MEMS1.9.6.0
2025-09-21 09:01:56,884 [WARN] PackLoader:240 - Cannot read IP mode file for STMicroelectronics.X-CUBE-EEPRMA1.4.2.0
2025-09-21 09:01:56,891 [WARN] PackLoader:240 - Cannot read IP mode file for STMicroelectronics.X-CUBE-NFC6.3.1.0
2025-09-21 09:01:56,895 [WARN] PackLoader:240 - Cannot read IP mode file for ITTIA_DB.I-CUBE-ITTIADB.8.8.0
2025-09-21 09:01:56,901 [WARN] PackLoader:240 - Cannot read IP mode file for STMicroelectronics.X-CUBE-BLEMGR.2.0.0
2025-09-21 09:01:56,908 [WARN] PackLoader:240 - Cannot read IP mode file for STMicroelectronics.X-CUBE-DPower.1.2.0
2025-09-21 09:01:56,914 [WARN] PackLoader:240 - Cannot read IP mode file for STMicroelectronics.X-CUBE-NFC4.2.0.5
2025-09-21 09:01:56,919 [WARN] PackLoader:240 - Cannot read IP mode file for STMicroelectronics.X-CUBE-NFC4.2.0.4
2025-09-21 09:01:56,923 [WARN] PackLoader:240 - Cannot read IP mode file for STMicroelectronics.X-CUBE-AI.9.0.0
2025-09-21 09:01:56,935 [WARN] ConditionMgr:438 - getConditionDescription Invalid condition id : UX DEVICE CLASS RTOS Condition cause : null
2025-09-21 09:01:56,935 [WARN] ConditionMgr:438 - getConditionDescription Invalid condition id : UX DEVICE CLASS RTOS Condition cause : null
2025-09-21 09:01:56,937 [WARN] PackLoader:240 - Cannot read IP mode file for STMicroelectronics.X-CUBE-AZRTOS-H7.3.1.0
2025-09-21 09:01:56,937 [WARN] ConditionMgr:1044 - genDependencies : Invalid condition id : UX DEVICE CLASS RTOS Condition cause : null
2025-09-21 09:01:56,937 [WARN] ConditionMgr:1044 - genDependencies : Invalid condition id : UX DEVICE CLASS RTOS Condition cause : null
2025-09-21 09:01:56,938 [WARN] ConditionMgr:1044 - genDependencies : Invalid condition id : UX DEVICE CLASS RTOS Condition cause : null
2025-09-21 09:01:56,938 [WARN] ConditionMgr:1044 - genDependencies : Invalid condition id : UX DEVICE CLASS RTOS Condition cause : null
2025-09-21 09:01:56,938 [WARN] ConditionMgr:1044 - genDependencies : Invalid condition id : UX DEVICE CLASS RTOS Condition cause : null
2025-09-21 09:01:56,943 [WARN] PackLoader:240 - Cannot read IP mode file for STMicroelectronics.X-CUBE-FREERTOS.1.3.1
2025-09-21 09:01:56,948 [WARN] PackLoader:240 - Cannot read IP mode file for STMicroelectronics.X-CUBE-FREERTOS.1.3.0
2025-09-21 09:01:56,953 [WARN] PackLoader:240 - Cannot read IP mode file for STMicroelectronics.X-CUBE-NFC7.1.0.1
2025-09-21 09:01:56,958 [WARN] PackLoader:240 - Cannot read IP mode file for STMicroelectronics.X-CUBE-NFC7.1.0.0
2025-09-21 09:01:56,964 [WARN] PackLoader:240 - Cannot read IP mode file for STMicroelectronics.X-CUBE-NFC6.3.0.0
2025-09-21 09:01:56,971 [WARN] PackLoader:240 - Cannot read IP mode file for STMicroelectronics.X-CUBE-EEPRMA1.4.1.0
2025-09-21 09:01:56,977 [WARN] PackLoader:240 - Cannot read IP mode file for STMicroelectronics.FP-SNS-STAIOTCFT.1.0.0
2025-09-21 09:01:56,982 [WARN] PackLoader:240 - Cannot read IP mode file for STMicroelectronics.X-CUBE-DPower.1.3.0
2025-09-21 09:01:56,985 [WARN] PackLoader:240 - Cannot read IP mode file for STMicroelectronics.X-CUBE-AI.8.1.0
2025-09-21 09:01:56,999 [WARN] ConditionMgr:438 - getConditionDescription Invalid condition id : LAN8742 Phy interface Condition cause : null
2025-09-21 09:01:56,999 [WARN] PackLoader:240 - Cannot read IP mode file for STMicroelectronics.X-CUBE-AZRTOS-L4.2.0.0
2025-09-21 09:01:57,000 [WARN] ConditionMgr:1044 - genDependencies : Invalid condition id : LAN8742 Phy interface Condition cause : null
2025-09-21 09:01:57,000 [WARN] ConditionMgr:1044 - genDependencies : Invalid condition id : LAN8742 Phy interface Condition cause : null
2025-09-21 09:01:57,001 [WARN] ConditionMgr:1044 - genDependencies : Invalid condition id : LAN8742 Phy interface Condition cause : null
2025-09-21 09:01:57,006 [WARN] PackLoader:240 - Cannot read IP mode file for STMicroelectronics.X-CUBE-SFXS2LP1.4.0.0
2025-09-21 09:01:57,021 [WARN] PackLoader:240 - Cannot read IP mode file for STMicroelectronics.X-CUBE-AZRTOS-H7.3.0.0
2025-09-21 09:01:57,027 [WARN] PackLoader:240 - Cannot read IP mode file for STMicroelectronics.X-CUBE-ISPU.1.1.0
2025-09-21 09:01:57,041 [WARN] PackLoader:240 - Cannot read IP mode file for STMicroelectronics.X-CUBE-AZRTOS-H7.3.3.0
2025-09-21 09:01:57,050 [WARN] PackLoader:240 - Cannot read IP mode file for RoweBots.I-CUBE-UNISONRTOS.5.5.0-4
2025-09-21 09:01:57,054 [WARN] PackLoader:240 - Cannot read IP mode file for wolfSSL.I-CUBE-wolfSSL.5.4.0
2025-09-21 09:01:57,061 [WARN] PackLoader:240 - Cannot read IP mode file for STMicroelectronics.X-CUBE-BLEMGR.4.1.0
2025-09-21 09:01:57,088 [WARN] PackLoader:240 - Cannot read IP mode file for STMicroelectronics.X-CUBE-IPS.3.0.0
2025-09-21 09:01:57,101 [WARN] ConditionMgr:438 - getConditionDescription Invalid condition id : UX DEVICE CLASS RTOS Condition cause : null
2025-09-21 09:01:57,102 [WARN] ConditionMgr:438 - getConditionDescription Invalid condition id : UX DEVICE CLASS RTOS Condition cause : null
2025-09-21 09:01:57,104 [WARN] PackLoader:240 - Cannot read IP mode file for STMicroelectronics.X-CUBE-AZRTOS-WB.2.0.0
2025-09-21 09:01:57,105 [WARN] ConditionMgr:1044 - genDependencies : Invalid condition id : UX DEVICE CLASS RTOS Condition cause : null
2025-09-21 09:01:57,105 [WARN] ConditionMgr:1044 - genDependencies : Invalid condition id : UX DEVICE CLASS RTOS Condition cause : null
2025-09-21 09:01:57,105 [WARN] ConditionMgr:1044 - genDependencies : Invalid condition id : UX DEVICE CLASS RTOS Condition cause : null
2025-09-21 09:01:57,105 [WARN] ConditionMgr:1044 - genDependencies : Invalid condition id : UX DEVICE CLASS RTOS Condition cause : null
2025-09-21 09:01:57,106 [WARN] ConditionMgr:1044 - genDependencies : Invalid condition id : UX DEVICE CLASS RTOS Condition cause : null
2025-09-21 09:01:57,109 [WARN] PackLoader:240 - Cannot read IP mode file for STMicroelectronics.X-CUBE-FREERTOS.1.0.1
2025-09-21 09:01:57,113 [WARN] PackLoader:240 - Cannot read IP mode file for STMicroelectronics.X-CUBE-GNSS1.7.0.0
2025-09-21 09:01:57,117 [WARN] PackLoader:240 - Cannot read IP mode file for STMicroelectronics.X-CUBE-GNSS1.7.0.1
2025-09-21 09:01:57,122 [WARN] PackLoader:240 - Cannot read IP mode file for STMicroelectronics.X-CUBE-BLEMGR.1.0.0
2025-09-21 09:01:57,126 [WARN] PackLoader:240 - Cannot read IP mode file for STMicroelectronics.X-CUBE-TOUCHGFX.4.25.0
2025-09-21 09:01:57,130 [WARN] PackLoader:240 - Cannot read IP mode file for STMicroelectronics.FP-SNS-STBOX1.2.0.0
2025-09-21 09:01:57,134 [WARN] ConditionMgr:438 - getConditionDescription Invalid condition id : Cortex-A Device cause : null
2025-09-21 09:01:57,139 [WARN] ConditionMgr:1044 - genDependencies : Invalid condition id : Cortex-A Device cause : null
2025-09-21 09:01:57,139 [WARN] ConditionMgr:1044 - genDependencies : Invalid condition id : Cortex-A Device cause : null
2025-09-21 09:01:57,140 [WARN] ConditionMgr:1044 - genDependencies : Invalid condition id : Cortex-A Device cause : null
2025-09-21 09:01:57,152 [WARN] PackLoader:240 - Cannot read IP mode file for STMicroelectronics.X-CUBE-AZRTOS-L5.1.1.0
2025-09-21 09:01:57,158 [WARN] PackLoader:240 - Cannot read IP mode file for STMicroelectronics.X-CUBE-AI.8.0.1
2025-09-21 09:01:57,167 [WARN] PackLoader:240 - Cannot read IP mode file for STMicroelectronics.X-CUBE-SUBG2.5.0.0
2025-09-21 09:01:57,181 [WARN] PackLoader:240 - Cannot read IP mode file for STMicroelectronics.X-CUBE-AZRTOS-H7RS.1.1.0
2025-09-21 09:01:57,186 [WARN] PackLoader:240 - Cannot read IP mode file for Cesanta.I-CUBE-Mongoose.7.13.0
2025-09-21 09:01:57,196 [WARN] PackLoader:240 - Cannot read IP mode file for STMicroelectronics.X-CUBE-AZRTOS-G4.2.0.0
2025-09-21 09:01:57,201 [WARN] PackLoader:240 - Cannot read IP mode file for STMicroelectronics.X-CUBE-TOF1.3.3.0
2025-09-21 09:01:57,213 [WARN] PackLoader:240 - Cannot read IP mode file for STMicroelectronics.FP-ATR-ASTRA1.1.1.1
2025-09-21 09:01:57,221 [WARN] PackLoader:240 - Cannot read IP mode file for Infineon.AIROC-Wi-Fi-Bluetooth-STM32.1.5.1
2025-09-21 09:01:57,227 [WARN] PackLoader:240 - Cannot read IP mode file for STMicroelectronics.FP-ATR-ASTRA1.1.1.0
2025-09-21 09:01:57,232 [WARN] PackLoader:240 - Cannot read IP mode file for wolfSSL.I-CUBE-wolfSSH.1.4.20
2025-09-21 09:01:57,237 [WARN] PackLoader:240 - Cannot read IP mode file for STMicroelectronics.X-CUBE-NFC7.2.0.0
2025-09-21 09:01:57,241 [WARN] PackLoader:240 - Cannot read IP mode file for STMicroelectronics.FP-SNS-MOTENVWB1.1.3.1
2025-09-21 09:01:57,255 [WARN] PackLoader:240 - Cannot read IP mode file for STMicroelectronics.X-CUBE-AZRTOS-G4.1.0.0
2025-09-21 09:01:57,269 [WARN] PackLoader:240 - Cannot read IP mode file for STMicroelectronics.X-CUBE-AZRTOS-L4.1.0.0
2025-09-21 09:01:57,274 [WARN] PackLoader:240 - Cannot read IP mode file for STMicroelectronics.X-CUBE-ISPU.2.0.0
2025-09-21 09:01:57,283 [WARN] PackLoader:240 - Cannot read IP mode file for STMicroelectronics.X-CUBE-IPS.3.1.0
2025-09-21 09:01:57,290 [WARN] PackLoader:240 - Cannot read IP mode file for STMicroelectronics.X-CUBE-ALS.1.0.2
2025-09-21 09:01:57,320 [WARN] PackLoader:240 - Cannot read IP mode file for STMicroelectronics.X-CUBE-MEMS1.10.0.0
2025-09-21 09:01:57,393 [WARN] PackLoader:240 - Cannot read IP mode file for STMicroelectronics.X-CUBE-FREERTOS.1.1.0
2025-09-21 09:01:57,396 [WARN] PackLoader:240 - Cannot read IP mode file for STMicroelectronics.X-CUBE-TOUCHGFX.4.24.0
2025-09-21 09:01:57,406 [WARN] PackLoader:240 - Cannot read IP mode file for STMicroelectronics.X-CUBE-AZRTOS-WL.1.0.0
2025-09-21 09:01:57,411 [WARN] PackLoader:240 - Cannot read IP mode file for STMicroelectronics.X-CUBE-TOUCHGFX.4.24.1
2025-09-21 09:01:57,420 [WARN] PackLoader:240 - Cannot read IP mode file for STMicroelectronics.X-CUBE-STSE01.1.0.0
2025-09-21 09:01:57,426 [WARN] PackLoader:240 - Cannot read IP mode file for wolfSSL.I-CUBE-wolfTPM.3.4.0
2025-09-21 09:01:57,431 [WARN] PackLoader:240 - Cannot read IP mode file for portGmbH.I-Cube-SoM-uGOAL.1.1.0
2025-09-21 09:01:57,434 [WARN] PackLoader:240 - Cannot read IP mode file for STMicroelectronics.X-CUBE-ALS.1.0.1
2025-09-21 09:01:57,443 [WARN] PackLoader:240 - Cannot read IP mode file for STMicroelectronics.X-CUBE-AZRTOS-WB.1.1.0
2025-09-21 09:01:57,453 [WARN] PackLoader:240 - Cannot read IP mode file for STMicroelectronics.X-CUBE-AZRTOS-L5.1.0.0
2025-09-21 09:01:57,458 [WARN] PackLoader:240 - Cannot read IP mode file for STMicroelectronics.X-CUBE-EEPRMA1.3.1.1
2025-09-21 09:01:57,470 [WARN] PackLoader:240 - Cannot read IP mode file for STMicroelectronics.X-CUBE-AZRTOS-H7RS.1.0.0
2025-09-21 09:01:57,474 [WARN] PackLoader:240 - Cannot read IP mode file for STMicroelectronics.FP-ATR-ASTRA1.2.0.0
2025-09-21 09:01:57,482 [WARN] PackLoader:240 - Cannot read IP mode file for STMicroelectronics.X-CUBE-TOF1.3.4.2
2025-09-21 09:01:57,494 [WARN] PackLoader:240 - Cannot read IP mode file for STMicroelectronics.X-CUBE-TOF1.3.4.3
2025-09-21 09:01:57,508 [WARN] PackLoader:240 - Cannot read IP mode file for STMicroelectronics.X-CUBE-TOF1.3.4.0
2025-09-21 09:01:57,538 [WARN] PackLoader:240 - Cannot read IP mode file for STMicroelectronics.X-CUBE-TOF1.3.4.1
2025-09-21 09:01:57,567 [WARN] PackLoader:240 - Cannot read IP mode file for STMicroelectronics.X-CUBE-AZRTOS-H7.3.2.0
2025-09-21 09:01:57,573 [WARN] PackLoader:240 - Cannot read IP mode file for wolfSSL.I-CUBE-wolfSSH.1.4.17
2025-09-21 09:01:57,574 [INFO] ThirdParty:978 - Integrity check success = true
2025-09-21 09:01:57,574 [INFO] IntegrityCheckThread:100 - exiting critical section [integrity check]
2025-09-21 09:01:57,574 [INFO] IntegrityCheckThread:103 - End integrity checks thread
2025-09-21 10:40:04,354 [INFO] Activator:176 - 


2025-09-21 10:40:04,356 [INFO] Activator:177 - !SESSION log4j initialized
2025-09-21 10:40:10,315 [INFO] LogOutputStream:77 - [STDOUT_REDIRECT] 
2025-09-21 10:40:16,533 [INFO] ApplicationProperties:184 - Using Application install path: C:\ST\STM32CubeIDE_1.14.0\STM32CubeIDE\plugins\com.st.stm32cube.common.mx_6.15.0.202507011659
2025-09-21 10:40:16,549 [INFO] DbMcusXml:78 - Set database path to: C:\ST\STM32CubeIDE_1.14.0\STM32CubeIDE\plugins\com.st.stm32cube.common.mx_6.15.0.202507011659\\db\/mcu/
2025-09-21 10:40:16,549 [INFO] ApiDb:274 - Set plugin database path to: C:\ST\STM32CubeIDE_1.14.0\STM32CubeIDE\plugins\com.st.stm32cube.common.mx_6.15.0.202507011659\\db\/plugins/boardmanager/
2025-09-21 10:40:16,550 [WARN] ApiDb:259 - Overriding images path with different value:  => C:\ST\STM32CubeIDE_1.14.0\STM32CubeIDE\plugins\com.st.stm32cube.common.mx_6.15.0.202507011659\\db\/plugins/mcufinder/images/
2025-09-21 10:40:16,556 [INFO] ApiDb:250 - Set database path to: C:\Users\jihoo\.stmcufinder\plugins\mcufinder//mcu/
2025-09-21 10:40:16,557 [INFO] DbMcusAds:125 - Set database path to: C:\Users\jihoo\.stmcufinder\plugins\mcufinder//mcu/
2025-09-21 10:40:16,560 [INFO] CrossReferenceDbSqlite:203 - Set database path to: C:\Users\jihoo\.stmcufinder\plugins\mcufinder//mcu/cs/
2025-09-21 10:40:16,678 [INFO] RulesReader:64 - Compatibility file has been processed (317 Rules)
2025-09-21 10:40:16,740 [INFO] DbMcusXml:78 - Set database path to: C:\ST\STM32CubeIDE_1.14.0\STM32CubeIDE\plugins\com.st.stm32cube.common.mx_6.15.0.202507011659\\db\/mcu/
2025-09-21 10:40:16,740 [INFO] ApiDb:274 - Set plugin database path to: C:\ST\STM32CubeIDE_1.14.0\STM32CubeIDE\plugins\com.st.stm32cube.common.mx_6.15.0.202507011659\\db\/plugins/boardmanager/
2025-09-21 10:40:16,741 [INFO] ApiDb:261 - Set plugin images path to: C:\ST\STM32CubeIDE_1.14.0\STM32CubeIDE\plugins\com.st.stm32cube.common.mx_6.15.0.202507011659\\db\/plugins/mcufinder/images/
2025-09-21 10:40:16,741 [WARN] DbFile:41 - Overriding database path with different value: C:\Users\jihoo\.stmcufinder\plugins\mcufinder/ => C:\Users\jihoo\.stmcufinder\plugins\mcufinder
2025-09-21 10:40:16,741 [INFO] ApiDb:250 - Set database path to: C:\Users\jihoo\.stmcufinder\plugins\mcufinder//mcu/
2025-09-21 10:40:16,741 [WARN] DbFile:41 - Overriding database path with different value: C:\Users\jihoo\.stmcufinder\plugins\mcufinder/ => C:\Users\jihoo\.stmcufinder\plugins\mcufinder
2025-09-21 10:40:16,741 [INFO] DbMcusAds:125 - Set database path to: C:\Users\jihoo\.stmcufinder\plugins\mcufinder//mcu/
2025-09-21 10:40:16,741 [WARN] DbFile:41 - Overriding database path with different value: C:\Users\jihoo\.stmcufinder\plugins\mcufinder/ => C:\Users\jihoo\.stmcufinder\plugins\mcufinder
2025-09-21 10:40:16,741 [WARN] DbFile:41 - Overriding database path with different value: C:\Users\jihoo\.stmcufinder\plugins\mcufinder/ => C:\Users\jihoo\.stmcufinder\plugins\mcufinder
2025-09-21 10:40:16,741 [INFO] CrossReferenceDbSqlite:203 - Set database path to: C:\Users\jihoo\.stmcufinder\plugins\mcufinder//mcu/cs/
2025-09-21 10:40:16,827 [INFO] MainPanel:274 - HeapMemory: 392167424
2025-09-21 10:40:16,914 [INFO] DbMcusXml:78 - Set database path to: C:\ST\STM32CubeIDE_1.14.0\STM32CubeIDE\plugins\com.st.stm32cube.common.mx_6.15.0.202507011659\\db\/mcu/
2025-09-21 10:40:16,914 [INFO] ApiDb:274 - Set plugin database path to: C:\ST\STM32CubeIDE_1.14.0\STM32CubeIDE\plugins\com.st.stm32cube.common.mx_6.15.0.202507011659\\db\/plugins/boardmanager/
2025-09-21 10:40:16,914 [INFO] ApiDb:261 - Set plugin images path to: C:\ST\STM32CubeIDE_1.14.0\STM32CubeIDE\plugins\com.st.stm32cube.common.mx_6.15.0.202507011659\\db\/plugins/mcufinder/images/
2025-09-21 10:40:16,914 [WARN] DbFile:41 - Overriding database path with different value: C:\Users\jihoo\.stmcufinder\plugins\mcufinder/ => C:\Users\jihoo\.stmcufinder\plugins\mcufinder
2025-09-21 10:40:16,914 [INFO] ApiDb:250 - Set database path to: C:\Users\jihoo\.stmcufinder\plugins\mcufinder//mcu/
2025-09-21 10:40:16,914 [WARN] DbFile:41 - Overriding database path with different value: C:\Users\jihoo\.stmcufinder\plugins\mcufinder/ => C:\Users\jihoo\.stmcufinder\plugins\mcufinder
2025-09-21 10:40:16,914 [INFO] DbMcusAds:125 - Set database path to: C:\Users\jihoo\.stmcufinder\plugins\mcufinder//mcu/
2025-09-21 10:40:16,914 [WARN] DbFile:41 - Overriding database path with different value: C:\Users\jihoo\.stmcufinder\plugins\mcufinder/ => C:\Users\jihoo\.stmcufinder\plugins\mcufinder
2025-09-21 10:40:16,915 [WARN] DbFile:41 - Overriding database path with different value: C:\Users\jihoo\.stmcufinder\plugins\mcufinder/ => C:\Users\jihoo\.stmcufinder\plugins\mcufinder
2025-09-21 10:40:16,915 [INFO] CrossReferenceDbSqlite:203 - Set database path to: C:\Users\jihoo\.stmcufinder\plugins\mcufinder//mcu/cs/
2025-09-21 10:40:16,939 [INFO] ApplicationProperties:184 - Using Application install path: C:\ST\STM32CubeIDE_1.14.0\STM32CubeIDE\plugins\com.st.stm32cube.common.mx_6.15.0.202507011659
2025-09-21 10:40:16,940 [INFO] PluginManage:196 - Search for loadable plugins [exclusion list=, ]
2025-09-21 10:40:16,941 [INFO] PluginManage:310 - Check plugin analytics
2025-09-21 10:40:17,133 [INFO] AnalyticsPlugin:253 - Accepted Software Licenses: STM32CubeMX.6.6.1,STM32CubeMX.6.7.0,STM32CubeMX.6.10.0,STM32CubeMX.6.12.0,STM32CubeMX.6.13.0,STM32CubeMX.6.14.1,STM32CubeMX.6.15.0
2025-09-21 10:40:17,133 [INFO] AnalyticsPlugin:255 - Accepted CMSIS Pack Licenses: Oryx-Embedded.Middleware.2.5.2
2025-09-21 10:40:17,134 [INFO] AnalyticsPlugin:257 - Accepted Firmware Licenses: FW.H7.1.12.0,FW.F4.1.28.0
2025-09-21 10:40:17,136 [INFO] PluginManage:359 - Loaded plugin analytics (category:tool,tabindex:-1)
2025-09-21 10:40:17,136 [INFO] PluginManage:310 - Check plugin cadmodel
2025-09-21 10:40:17,140 [INFO] CADModel:105 - Init CAD model plugin
2025-09-21 10:40:17,140 [INFO] PluginManage:359 - Loaded plugin cadmodel (category:power,tabindex:5)
2025-09-21 10:40:17,141 [INFO] PluginManage:310 - Check plugin clock
2025-09-21 10:40:17,150 [INFO] PluginManage:359 - Loaded plugin clock (category:base,tabindex:2)
2025-09-21 10:40:17,150 [INFO] PluginManage:310 - Check plugin ddr
2025-09-21 10:40:17,153 [INFO] PluginManage:359 - Loaded plugin ddr (category:tool,tabindex:6)
2025-09-21 10:40:17,153 [INFO] PluginManage:310 - Check plugin filemanager
2025-09-21 10:40:17,298 [INFO] PluginManage:359 - Loaded plugin filemanager (category:base,tabindex:10)
2025-09-21 10:40:17,298 [INFO] PluginManage:310 - Check plugin ipmanager
2025-09-21 10:40:17,306 [INFO] PluginManage:359 - Loaded plugin ipmanager (category:base,tabindex:5)
2025-09-21 10:40:17,306 [INFO] PluginManage:310 - Check plugin lpbam
2025-09-21 10:40:17,317 [INFO] PluginManage:359 - Loaded plugin lpbam (category:base,tabindex:0)
2025-09-21 10:40:17,318 [INFO] PluginManage:310 - Check plugin memorymap
2025-09-21 10:40:17,333 [INFO] PluginManage:359 - Loaded plugin memorymap (category:base,tabindex:4)
2025-09-21 10:40:17,333 [INFO] PluginManage:310 - Check plugin pinoutandconfiguration
2025-09-21 10:40:17,344 [INFO] PluginManage:359 - Loaded plugin pinoutandconfiguration (category:base,tabindex:1)
2025-09-21 10:40:17,344 [INFO] PluginManage:310 - Check plugin pinoutconfig
2025-09-21 10:40:17,439 [WARN] SupportedApi:132 - Cannot load RTOS API schema: s4s-elt-must-match.1: The content of 'definitions' must match (annotation?, (simpleType | complexType)?, (unique | key | keyref)*)). A problem was found starting at: attribute.
2025-09-21 10:40:17,587 [INFO] PluginManage:359 - Loaded plugin pinoutconfig (category:base,tabindex:0)
2025-09-21 10:40:17,587 [INFO] PluginManage:310 - Check plugin power
2025-09-21 10:40:17,594 [INFO] PluginManage:359 - Loaded plugin power (category:power,tabindex:4)
2025-09-21 10:40:17,594 [INFO] PluginManage:310 - Check plugin projectmanager
2025-09-21 10:40:17,609 [INFO] PluginManage:359 - Loaded plugin projectmanager (category:projectmanager,tabindex:4)
2025-09-21 10:40:17,609 [INFO] PluginManage:310 - Check plugin rif
2025-09-21 10:40:17,617 [INFO] PluginManage:359 - Loaded plugin rif (category:base,tabindex:3)
2025-09-21 10:40:17,617 [INFO] PluginManage:310 - Check plugin thirdparty
2025-09-21 10:40:17,730 [INFO] PluginManage:359 - Loaded plugin thirdparty (category:base,tabindex:-1)
2025-09-21 10:40:17,730 [WARN] IntegrityCheckThread:84 - waiting for thirdparty lock release [integrity check]
2025-09-21 10:40:17,730 [INFO] PluginManage:310 - Check plugin tools
2025-09-21 10:40:17,730 [INFO] IntegrityCheckThread:86 - entering critical section [integrity check]
2025-09-21 10:40:17,731 [INFO] ThirdPartyUpdaterWithRetryManager:70 - Updater plugin not ready yet. [1/15]
2025-09-21 10:40:17,734 [INFO] PluginManage:359 - Loaded plugin tools (category:base,tabindex:7)
2025-09-21 10:40:17,734 [INFO] PluginManage:310 - Check plugin tutovideos
2025-09-21 10:40:17,937 [INFO] PluginManage:359 - Loaded plugin tutovideos (category:base,tabindex:-1)
2025-09-21 10:40:17,937 [INFO] PluginManage:310 - Check plugin updater
2025-09-21 10:40:17,956 [INFO] PluginManage:359 - Loaded plugin updater (category:base,tabindex:12)
2025-09-21 10:40:17,957 [INFO] PluginManage:310 - Check plugin userauth
2025-09-21 10:40:17,960 [INFO] UserAuth:118 - Init User Auth plugin
2025-09-21 10:40:17,961 [INFO] PluginManage:359 - Loaded plugin userauth (category:base,tabindex:14)
2025-09-21 10:40:17,962 [INFO] PluginManage:283 - PluginManage : Loaded plugins [18]
2025-09-21 10:40:18,193 [INFO] PinOutPanel:1589 - setPackage(No Configuration,No Configuration)
2025-09-21 10:40:18,311 [INFO] CADModel:165 - CPN selected for project level
2025-09-21 10:40:18,311 [INFO] CADModel:114 - Register for checkConnection events
2025-09-21 10:40:18,333 [INFO] IPUIPlugin:80 - create IPUIPlugin
2025-09-21 10:40:18,333 [INFO] PluginManager:220 - loadIPPluginJar : add adc
2025-09-21 10:40:18,335 [INFO] IPUIPlugin:80 - create IPUIPlugin
2025-09-21 10:40:18,335 [INFO] PluginManager:220 - loadIPPluginJar : add aes
2025-09-21 10:40:18,339 [INFO] IPUIPlugin:80 - create IPUIPlugin
2025-09-21 10:40:18,339 [INFO] PluginManager:220 - loadIPPluginJar : add can
2025-09-21 10:40:18,341 [INFO] IPUIPlugin:80 - create IPUIPlugin
2025-09-21 10:40:18,341 [INFO] PluginManager:220 - loadIPPluginJar : add comp
2025-09-21 10:40:18,343 [INFO] IPUIPlugin:80 - create IPUIPlugin
2025-09-21 10:40:18,343 [INFO] PluginManager:220 - loadIPPluginJar : add cryp
2025-09-21 10:40:18,347 [INFO] IPUIPlugin:80 - create IPUIPlugin
2025-09-21 10:40:18,347 [INFO] PluginManager:220 - loadIPPluginJar : add ddr_ctrl_phy
2025-09-21 10:40:18,350 [INFO] IPUIPlugin:80 - create IPUIPlugin
2025-09-21 10:40:18,350 [INFO] PluginManager:220 - loadIPPluginJar : add dfsdm
2025-09-21 10:40:18,356 [INFO] IPUIPlugin:80 - create IPUIPlugin
2025-09-21 10:40:18,357 [INFO] PluginManager:220 - loadIPPluginJar : add dma
2025-09-21 10:40:18,360 [INFO] IPUIPlugin:80 - create IPUIPlugin
2025-09-21 10:40:18,360 [INFO] PluginManager:220 - loadIPPluginJar : add dma3
2025-09-21 10:40:18,363 [INFO] IPUIPlugin:80 - create IPUIPlugin
2025-09-21 10:40:18,363 [INFO] PluginManager:220 - loadIPPluginJar : add extmemmanager
2025-09-21 10:40:18,364 [INFO] IPUIPlugin:80 - create IPUIPlugin
2025-09-21 10:40:18,364 [INFO] PluginManager:220 - loadIPPluginJar : add fatfs
2025-09-21 10:40:18,369 [INFO] IPUIPlugin:80 - create IPUIPlugin
2025-09-21 10:40:18,369 [INFO] PluginManager:220 - loadIPPluginJar : add fmc
2025-09-21 10:40:18,374 [INFO] IPUIPlugin:80 - create IPUIPlugin
2025-09-21 10:40:18,374 [INFO] PluginManager:220 - loadIPPluginJar : add freertos
2025-09-21 10:40:18,376 [INFO] IPUIPlugin:80 - create IPUIPlugin
2025-09-21 10:40:18,376 [INFO] PluginManager:220 - loadIPPluginJar : add genericplugin
2025-09-21 10:40:18,378 [INFO] IPUIPlugin:80 - create IPUIPlugin
2025-09-21 10:40:18,378 [INFO] PluginManager:220 - loadIPPluginJar : add gfxmmu
2025-09-21 10:40:18,382 [INFO] IPUIPlugin:80 - create IPUIPlugin
2025-09-21 10:40:18,382 [INFO] PluginManager:220 - loadIPPluginJar : add gic
2025-09-21 10:40:18,386 [INFO] IPUIPlugin:80 - create IPUIPlugin
2025-09-21 10:40:18,387 [INFO] PluginManager:220 - loadIPPluginJar : add gpio
2025-09-21 10:40:18,389 [INFO] IPUIPlugin:80 - create IPUIPlugin
2025-09-21 10:40:18,389 [INFO] PluginManager:220 - loadIPPluginJar : add gtzc
2025-09-21 10:40:18,392 [INFO] IPUIPlugin:80 - create IPUIPlugin
2025-09-21 10:40:18,392 [INFO] PluginManager:220 - loadIPPluginJar : add hash
2025-09-21 10:40:18,394 [INFO] IPUIPlugin:80 - create IPUIPlugin
2025-09-21 10:40:18,394 [INFO] PluginManager:220 - loadIPPluginJar : add i2c
2025-09-21 10:40:18,397 [INFO] IPUIPlugin:80 - create IPUIPlugin
2025-09-21 10:40:18,397 [INFO] PluginManager:220 - loadIPPluginJar : add i2s
2025-09-21 10:40:18,400 [INFO] IPUIPlugin:80 - create IPUIPlugin
2025-09-21 10:40:18,400 [INFO] PluginManager:220 - loadIPPluginJar : add i3c
2025-09-21 10:40:18,404 [INFO] IPUIPlugin:80 - create IPUIPlugin
2025-09-21 10:40:18,404 [INFO] PluginManager:220 - loadIPPluginJar : add ipddr
2025-09-21 10:40:18,411 [INFO] IPUIPlugin:80 - create IPUIPlugin
2025-09-21 10:40:18,412 [INFO] PluginManager:220 - loadIPPluginJar : add linkedlist
2025-09-21 10:40:18,415 [INFO] IPUIPlugin:80 - create IPUIPlugin
2025-09-21 10:40:18,415 [INFO] PluginManager:220 - loadIPPluginJar : add lorawan
2025-09-21 10:40:18,416 [INFO] IPUIPlugin:80 - create IPUIPlugin
2025-09-21 10:40:18,416 [INFO] PluginManager:220 - loadIPPluginJar : add ltdc
2025-09-21 10:40:18,422 [INFO] IPUIPlugin:80 - create IPUIPlugin
2025-09-21 10:40:18,422 [INFO] PluginManager:220 - loadIPPluginJar : add mdma
2025-09-21 10:40:18,426 [INFO] IPUIPlugin:80 - create IPUIPlugin
2025-09-21 10:40:18,426 [INFO] PluginManager:220 - loadIPPluginJar : add nvic
2025-09-21 10:40:18,428 [INFO] IPUIPlugin:80 - create IPUIPlugin
2025-09-21 10:40:18,428 [INFO] PluginManager:220 - loadIPPluginJar : add opamp
2025-09-21 10:40:18,432 [INFO] IPUIPlugin:80 - create IPUIPlugin
2025-09-21 10:40:18,432 [INFO] PluginManager:220 - loadIPPluginJar : add openamp
2025-09-21 10:40:18,434 [INFO] IPUIPlugin:80 - create IPUIPlugin
2025-09-21 10:40:18,434 [INFO] PluginManager:220 - loadIPPluginJar : add pdm2pcm
2025-09-21 10:40:18,440 [INFO] IPUIPlugin:80 - create IPUIPlugin
2025-09-21 10:40:18,442 [INFO] PluginManager:220 - loadIPPluginJar : add plateformsettings
2025-09-21 10:40:18,444 [INFO] IPUIPlugin:80 - create IPUIPlugin
2025-09-21 10:40:18,444 [INFO] PluginManager:220 - loadIPPluginJar : add quadspi
2025-09-21 10:40:18,446 [INFO] IPUIPlugin:80 - create IPUIPlugin
2025-09-21 10:40:18,447 [INFO] PluginManager:220 - loadIPPluginJar : add radio
2025-09-21 10:40:18,450 [INFO] IPUIPlugin:80 - create IPUIPlugin
2025-09-21 10:40:18,450 [INFO] PluginManager:220 - loadIPPluginJar : add resmgrutility
2025-09-21 10:40:18,453 [INFO] IPUIPlugin:80 - create IPUIPlugin
2025-09-21 10:40:18,453 [INFO] PluginManager:220 - loadIPPluginJar : add sai
2025-09-21 10:40:18,456 [INFO] IPUIPlugin:80 - create IPUIPlugin
2025-09-21 10:40:18,456 [INFO] PluginManager:220 - loadIPPluginJar : add spi
2025-09-21 10:40:18,461 [INFO] IPUIPlugin:80 - create IPUIPlugin
2025-09-21 10:40:18,462 [INFO] PluginManager:220 - loadIPPluginJar : add stm32_wpan
2025-09-21 10:40:18,463 [INFO] IPUIPlugin:80 - create IPUIPlugin
2025-09-21 10:40:18,463 [INFO] PluginManager:220 - loadIPPluginJar : add tim
2025-09-21 10:40:18,468 [INFO] IPUIPlugin:80 - create IPUIPlugin
2025-09-21 10:40:18,468 [INFO] PluginManager:220 - loadIPPluginJar : add touchsensing
2025-09-21 10:40:18,470 [INFO] IPUIPlugin:80 - create IPUIPlugin
2025-09-21 10:40:18,470 [INFO] PluginManager:220 - loadIPPluginJar : add tracer_emb
2025-09-21 10:40:18,473 [INFO] IPUIPlugin:80 - create IPUIPlugin
2025-09-21 10:40:18,473 [INFO] PluginManager:220 - loadIPPluginJar : add ts
2025-09-21 10:40:18,474 [INFO] IPUIPlugin:80 - create IPUIPlugin
2025-09-21 10:40:18,474 [INFO] PluginManager:220 - loadIPPluginJar : add tsc
2025-09-21 10:40:18,476 [INFO] IPUIPlugin:80 - create IPUIPlugin
2025-09-21 10:40:18,476 [INFO] PluginManager:220 - loadIPPluginJar : add ucpd
2025-09-21 10:40:18,479 [INFO] IPUIPlugin:80 - create IPUIPlugin
2025-09-21 10:40:18,479 [INFO] PluginManager:220 - loadIPPluginJar : add usart
2025-09-21 10:40:18,481 [INFO] IPUIPlugin:80 - create IPUIPlugin
2025-09-21 10:40:18,482 [INFO] PluginManager:220 - loadIPPluginJar : add usbx
2025-09-21 10:40:18,616 [FATAL] Updater:351 - Updater called before beeing initialized
2025-09-21 10:40:18,642 [INFO] RulesReader:64 - Compatibility file has been processed (317 Rules)
2025-09-21 10:40:18,652 [INFO] RulesReader:64 - Compatibility file has been processed (317 Rules)
2025-09-21 10:40:18,659 [INFO] CADModel:165 - CPN selected for project level
2025-09-21 10:40:18,660 [INFO] CADModel:114 - Register for checkConnection events
2025-09-21 10:40:18,660 [FATAL] Updater:351 - Updater called before beeing initialized
2025-09-21 10:40:18,660 [ERROR] CADModel:125 - Updater not yet initialized, retry later 
2025-09-21 10:40:18,826 [FATAL] Updater:351 - Updater called before beeing initialized
2025-09-21 10:40:18,828 [INFO] CADModel:165 - CPN selected for project level
2025-09-21 10:40:18,828 [INFO] CADModel:114 - Register for checkConnection events
2025-09-21 10:40:18,828 [FATAL] Updater:351 - Updater called before beeing initialized
2025-09-21 10:40:18,828 [ERROR] CADModel:125 - Updater not yet initialized, retry later 
2025-09-21 10:40:18,831 [FATAL] Updater:351 - Updater called before beeing initialized
2025-09-21 10:40:18,941 [FATAL] Updater:351 - Updater called before beeing initialized
2025-09-21 10:40:18,946 [INFO] DbMcusAds:53 - JSON generation date=Tue Jul 08 17:14:23 KST 2025 (1751962463524)
2025-09-21 10:40:18,946 [FATAL] Updater:351 - Updater called before beeing initialized
2025-09-21 10:40:18,981 [WARN] DetailPanel:346 - Failed to get advertising image, set to default
2025-09-21 10:40:19,064 [FATAL] Updater:351 - Updater called before beeing initialized
2025-09-21 10:40:19,068 [FATAL] Updater:351 - Updater called before beeing initialized
2025-09-21 10:40:19,069 [FATAL] Updater:351 - Updater called before beeing initialized
2025-09-21 10:40:19,069 [WARN] DetailPanel:346 - Failed to get advertising image, set to default
2025-09-21 10:40:19,069 [FATAL] Updater:351 - Updater called before beeing initialized
2025-09-21 10:40:19,123 [ERROR] Updater:1198 - MainUpdater not yet initialized. External WinMGr cannot be set.
2025-09-21 10:40:19,126 [INFO] Updater:1134 - Updater Version found : 6.15.0
2025-09-21 10:40:19,142 [INFO] ApplicationProperties:184 - Using Application install path: C:\ST\STM32CubeIDE_1.14.0\STM32CubeIDE\plugins\com.st.stm32cube.common.mx_6.15.0.202507011659
2025-09-21 10:40:19,511 [INFO] MainUpdater:2872 - connection check result : 10
2025-09-21 10:40:19,511 [INFO] MainUpdater:289 - Updater Check For Update Now.
2025-09-21 10:40:19,512 [INFO] MicroXplorer:498 - Change Database Version : DB.6.0.150
2025-09-21 10:40:19,517 [INFO] McuFinderGlobals:63 - Set McuFinder mode to 2 (CubeIDE integrated)
2025-09-21 10:40:19,518 [INFO] UserAuth:487 - Internet connection configuration mode: 1
2025-09-21 10:40:19,540 [INFO] JxBrowserEngine:152 - Initiate JxBrowser Engine with user profile folder
2025-09-21 10:40:19,696 [INFO] CheckServerUpdateThread:120 - End of CheckServer Thread
2025-09-21 10:40:20,226 [INFO] WebApp:169 - Instantiating new browser for Auth
2025-09-21 10:40:20,970 [INFO] WebApp:463 - Apply proxy settings
2025-09-21 10:40:20,970 [INFO] WebApp:548 - Chromium requires no authentication
2025-09-21 10:40:20,979 [INFO] WebApp:491 - Direct internet connection detected
2025-09-21 10:40:21,006 [INFO] WebApp:900 - Register for checkConnection events
2025-09-21 10:40:21,006 [INFO] WebApp:463 - Apply proxy settings
2025-09-21 10:40:21,007 [INFO] WebApp:548 - Chromium requires no authentication
2025-09-21 10:40:21,008 [INFO] WebApp:491 - Direct internet connection detected
2025-09-21 10:40:21,112 [WARN] PackLoader:240 - Cannot read IP mode file for STMicroelectronics.FP-SNS-MOTENVWB1.1.4.0
2025-09-21 10:40:21,120 [WARN] PackLoader:240 - Cannot read IP mode file for STMicroelectronics.FP-ATR-ASTRA1.2.0.2
2025-09-21 10:40:21,123 [WARN] PackLoader:240 - Cannot read IP mode file for STMicroelectronics.FP-ATR-ASTRA1.2.0.1
2025-09-21 10:40:21,136 [WARN] PackLoader:240 - Cannot read IP mode file for STMicroelectronics.X-CUBE-SMBUS.2.1.0
2025-09-21 10:40:21,145 [WARN] PackLoader:240 - Cannot read IP mode file for STMicroelectronics.X-CUBE-WB05N.1.1.0
2025-09-21 10:40:21,149 [WARN] PackLoader:240 - Cannot read IP mode file for STMicroelectronics.X-CUBE-ST60.1.0.0
2025-09-21 10:40:21,155 [WARN] PackLoader:240 - Cannot read IP mode file for STMicroelectronics.X-CUBE-TOUCHGFX.4.23.0
2025-09-21 10:40:21,184 [WARN] PackLoader:240 - Cannot read IP mode file for STMicroelectronics.X-CUBE-AZRTOS-F7.1.1.0
2025-09-21 10:40:21,194 [WARN] PackLoader:240 - Cannot read IP mode file for STMicroelectronics.FP-SNS-MOTENV1.4.3.2
2025-09-21 10:40:21,201 [ERROR] RealEvaluatedCondition:428 - Found unsupported composite condition: CLASS='Data Exchange' GROUP='STM32_MetaDataManager'
2025-09-21 10:40:21,202 [ERROR] RealEvaluatedCondition:428 - Found unsupported composite condition: GROUP='STM32_MetaDataManager' CLASS='Data Exchange'
2025-09-21 10:40:21,204 [WARN] PackLoader:240 - Cannot read IP mode file for STMicroelectronics.FP-SNS-MOTENV1.4.3.1
2025-09-21 10:40:21,212 [WARN] PackLoader:240 - Cannot read IP mode file for STMicroelectronics.FP-SNS-FLIGHT1.5.0.1
2025-09-21 10:40:21,219 [WARN] PackLoader:240 - Cannot read IP mode file for STMicroelectronics.X-CUBE-BLE1.6.2.3
2025-09-21 10:40:21,242 [INFO] WebApp:191 - Connection restablished
2025-09-21 10:40:21,286 [WARN] PackLoader:240 - Cannot read IP mode file for STMicroelectronics.X-CUBE-MEMS1.11.0.0
2025-09-21 10:40:21,294 [INFO] WebApp:225 - Starting web application
2025-09-21 10:40:21,294 [INFO] WebApp:593 - Web application path used C:\ST\STM32CubeIDE_1.14.0\STM32CubeIDE\plugins\com.st.stm32cube.common.mx_6.15.0.202507011659\db\plugins\mcufinder\reactClient1\index.html
2025-09-21 10:40:21,419 [INFO] UserAuth:487 - Internet connection configuration mode: 1
2025-09-21 10:40:21,460 [WARN] PackLoader:240 - Cannot read IP mode file for STMicroelectronics.X-CUBE-BLE1.6.2.4
2025-09-21 10:40:21,471 [WARN] PackLoader:240 - Cannot read IP mode file for WES.I-CUBE-Cesium.1.4.0
2025-09-21 10:40:21,476 [WARN] PackLoader:240 - Cannot read IP mode file for STMicroelectronics.FP-SNS-FLIGHT1.5.0.2
2025-09-21 10:40:21,516 [WARN] PackLoader:240 - Cannot read IP mode file for Infineon.AIROC-Wi-Fi-Bluetooth-STM32.1.7.1
2025-09-21 10:40:21,532 [WARN] PackLoader:240 - Cannot read IP mode file for STMicroelectronics.X-CUBE-TOF1.3.1.0
2025-09-21 10:40:21,575 [WARN] PackLoader:240 - Cannot read IP mode file for STMicroelectronics.X-CUBE-AZRTOS-H7.3.4.0
2025-09-21 10:40:21,589 [WARN] PackLoader:240 - Cannot read IP mode file for STMicroelectronics.X-CUBE-DISPLAY.3.0.0
2025-09-21 10:40:21,599 [WARN] PackLoader:240 - Cannot read IP mode file for STMicroelectronics.X-CUBE-BLE1.7.0.0
2025-09-21 10:40:21,608 [WARN] PackLoader:240 - Cannot read IP mode file for STMicroelectronics.X-CUBE-NFC10.1.0.0
2025-09-21 10:40:21,672 [WARN] PackLoader:240 - Cannot read IP mode file for STMicroelectronics.X-CUBE-BLEMGR.4.0.0
2025-09-21 10:40:21,685 [WARN] PackLoader:240 - Cannot read IP mode file for emotas.I-CUBE-CANOPEN.1.3.0
2025-09-21 10:40:21,737 [WARN] PackLoader:240 - Cannot read IP mode file for STMicroelectronics.X-CUBE-MEMS1.9.3.0
2025-09-21 10:40:21,897 [WARN] PackLoader:240 - Cannot read IP mode file for STMicroelectronics.X-CUBE-AI.7.2.0
2025-09-21 10:40:21,910 [WARN] PackLoader:240 - Cannot read IP mode file for STMicroelectronics.X-CUBE-BLEMGR.3.1.0
2025-09-21 10:40:21,919 [WARN] PackLoader:240 - Cannot read IP mode file for STMicroelectronics.X-CUBE-AI.10.0.0
2025-09-21 10:40:21,931 [WARN] PackLoader:240 - Cannot read IP mode file for STMicroelectronics.FP-SNS-STBOX1.2.1.0
2025-09-21 10:40:21,941 [WARN] PackLoader:240 - Cannot read IP mode file for STMicroelectronics.FP-SNS-SMARTAG2.1.2.0
2025-09-21 10:40:21,948 [WARN] PackLoader:240 - Cannot read IP mode file for STMicroelectronics.FP-SNS-FLIGHT1.5.1.0
2025-09-21 10:40:21,962 [INFO] LogOutputStream:77 - [STDOUT_REDIRECT] 1 : Invalid condition id : UX_CORESTACK_Condition cause : null
2025-09-21 10:40:21,963 [INFO] LogOutputStream:77 - [STDOUT_REDIRECT] 1 : Invalid condition id : UX_CORESTACK_Condition cause : null
2025-09-21 10:40:21,964 [INFO] LogOutputStream:77 - [STDOUT_REDIRECT] 1 : Invalid condition id : UX_CORESTACK_Condition cause : null
2025-09-21 10:40:21,965 [INFO] LogOutputStream:77 - [STDOUT_REDIRECT] 1 : Invalid condition id : UX_CORESTACK_Condition cause : null
2025-09-21 10:40:21,967 [INFO] LogOutputStream:77 - [STDOUT_REDIRECT] 1 : Invalid condition id : UX_CORESTACK_Condition cause : null
2025-09-21 10:40:21,972 [WARN] PackLoader:240 - Cannot read IP mode file for STMicroelectronics.X-CUBE-AZRTOS-WL.2.0.0
2025-09-21 10:40:21,980 [WARN] PackLoader:240 - Cannot read IP mode file for STMicroelectronics.FP-SNS-MOTENV1.5.0.0
2025-09-21 10:40:21,987 [WARN] PackLoader:240 - Cannot read IP mode file for wolfSSL.I-CUBE-wolfMQTT.1.19.0
2025-09-21 10:40:21,993 [WARN] PackLoader:240 - Cannot read IP mode file for WES.I-CUBE-Cesium.1.3.0
2025-09-21 10:40:22,000 [WARN] PackLoader:240 - Cannot read IP mode file for STMicroelectronics.X-CUBE-BLE2.3.3.0
2025-09-21 10:40:22,007 [WARN] PackLoader:240 - Cannot read IP mode file for STMicroelectronics.X-CUBE-DISPLAY.2.2.0
2025-09-21 10:40:22,021 [WARN] PackLoader:240 - Cannot read IP mode file for STMicroelectronics.X-CUBE-TOF1.3.2.0
2025-09-21 10:40:22,028 [WARN] PackLoader:240 - Cannot read IP mode file for STMicroelectronics.X-CUBE-ISPU.1.0.0
2025-09-21 10:40:22,068 [WARN] ConditionMgr:438 - getConditionDescription Invalid condition id : Dummy Dependencies cause : null
2025-09-21 10:40:22,253 [WARN] ConditionMgr:1044 - genDependencies : Invalid condition id : Dummy Dependencies cause : null
2025-09-21 10:40:22,262 [WARN] ConditionMgr:1044 - genDependencies : Invalid condition id : Dummy Dependencies cause : null
2025-09-21 10:40:22,263 [WARN] ConditionMgr:1044 - genDependencies : Invalid condition id : Dummy Dependencies cause : null
2025-09-21 10:40:22,275 [WARN] ConditionMgr:438 - getConditionDescription Invalid condition id : Dummy Dependencies cause : null
2025-09-21 10:40:22,375 [WARN] PackLoader:240 - Cannot read IP mode file for STMicroelectronics.X-CUBE-NFC9.1.0.0
2025-09-21 10:40:22,393 [WARN] PackLoader:240 - Cannot read IP mode file for STMicroelectronics.X-CUBE-AZRTOS-H7.2.1.0
2025-09-21 10:40:22,400 [WARN] PackLoader:240 - Cannot read IP mode file for wolfSSL.I-CUBE-wolfSSL.5.8.2
2025-09-21 10:40:22,404 [WARN] PackLoader:240 - Cannot read IP mode file for STMicroelectronics.X-CUBE-BLE1.7.1.0
2025-09-21 10:40:22,407 [WARN] PackLoader:240 - Cannot read IP mode file for wolfSSL.I-CUBE-wolfMQTT.1.19.2
2025-09-21 10:40:22,412 [WARN] PackLoader:240 - Cannot read IP mode file for STMicroelectronics.X-CUBE-TCPP.4.1.0
2025-09-21 10:40:22,420 [WARN] PackLoader:240 - Cannot read IP mode file for STMicroelectronics.X-CUBE-EEPRMA1.5.2.0
2025-09-21 10:40:22,423 [WARN] PackLoader:240 - Cannot read IP mode file for STMicroelectronics.X-CUBE-TOUCHGFX.4.21.1
2025-09-21 10:40:22,432 [WARN] PackLoader:240 - Cannot read IP mode file for STMicroelectronics.X-CUBE-TOUCHGFX.4.21.0
2025-09-21 10:40:22,434 [WARN] PackLoader:240 - Cannot read IP mode file for STMicroelectronics.X-CUBE-TOUCHGFX.4.21.4
2025-09-21 10:40:22,463 [WARN] PackLoader:240 - Cannot read IP mode file for STMicroelectronics.X-CUBE-MEMS1.9.4.0
2025-09-21 10:40:22,555 [WARN] PackLoader:240 - Cannot read IP mode file for STMicroelectronics.X-CUBE-AI.7.3.0
2025-09-21 10:40:22,558 [WARN] PackLoader:240 - Cannot read IP mode file for STMicroelectronics.X-CUBE-AI.10.1.0
2025-09-21 10:40:22,564 [WARN] PackLoader:240 - Cannot read IP mode file for STMicroelectronics.X-CUBE-ALGOBUILD.1.3.0
2025-09-21 10:40:22,605 [WARN] PackLoader:240 - Cannot read IP mode file for STMicroelectronics.X-CUBE-MEMS1.11.2.0
2025-09-21 10:40:22,700 [WARN] PackLoader:240 - Cannot read IP mode file for STMicroelectronics.X-CUBE-AZRTOS-G0.1.1.0
2025-09-21 10:40:22,706 [WARN] PackLoader:240 - Cannot read IP mode file for STMicroelectronics.X-CUBE-SAFEA1.1.2.2
2025-09-21 10:40:22,714 [WARN] PackLoader:240 - Cannot read IP mode file for STMicroelectronics.X-CUBE-NFC4.3.0.0
2025-09-21 10:40:22,740 [WARN] PackLoader:240 - Cannot read IP mode file for SEGGER.I-CUBE-embOS.1.2.0
2025-09-21 10:40:22,781 [WARN] PackLoader:240 - Cannot read IP mode file for EmbeddedOffice.I-CUBE-FS-RTOS.1.0.1
2025-09-21 10:40:22,788 [WARN] PackLoader:240 - Cannot read IP mode file for STMicroelectronics.X-CUBE-WB05N.2.0.0
2025-09-21 10:40:22,800 [WARN] PackLoader:240 - Cannot read IP mode file for STMicroelectronics.X-CUBE-BLEMGR.3.0.0
2025-09-21 10:40:22,808 [WARN] PackLoader:240 - Cannot read IP mode file for wolfSSL.I-CUBE-wolfTPM.3.8.0
2025-09-21 10:40:22,815 [WARN] PackLoader:240 - Cannot read IP mode file for STMicroelectronics.X-CUBE-BLEMGR.1.3.0
2025-09-21 10:40:22,821 [WARN] PackLoader:240 - Cannot read IP mode file for STMicroelectronics.X-CUBE-TCPP.4.2.0
2025-09-21 10:40:22,828 [WARN] PackLoader:240 - Cannot read IP mode file for RealThread.X-CUBE-RT-Thread_Nano.4.1.1
2025-09-21 10:40:22,834 [WARN] PackLoader:240 - Cannot read IP mode file for STMicroelectronics.FP-ATR-SIGFOX1.3.2.0
2025-09-21 10:40:22,839 [WARN] ConditionMgr:438 - getConditionDescription Invalid condition id : Cortex-A Device cause : null
2025-09-21 10:40:22,848 [WARN] ConditionMgr:1044 - genDependencies : Invalid condition id : Cortex-A Device cause : null
2025-09-21 10:40:22,848 [WARN] ConditionMgr:1044 - genDependencies : Invalid condition id : Cortex-A Device cause : null
2025-09-21 10:40:22,848 [WARN] ConditionMgr:1044 - genDependencies : Invalid condition id : Cortex-A Device cause : null
2025-09-21 10:40:22,856 [WARN] PackLoader:240 - Cannot read IP mode file for STMicroelectronics.X-CUBE-EEPRMA1.5.1.0
2025-09-21 10:40:22,864 [WARN] PackLoader:240 - Cannot read IP mode file for emotas.I-CUBE-CANOPEN.1.1.2
2025-09-21 10:40:22,870 [WARN] PackLoader:240 - Cannot read IP mode file for STMicroelectronics.X-CUBE-TOUCHGFX.4.20.0
2025-09-21 10:40:22,882 [WARN] PackLoader:240 - Cannot read IP mode file for ITTIA_DB.I-CUBE-ITTIADB.8.9.0
2025-09-21 10:40:22,895 [WARN] PackLoader:240 - Cannot read IP mode file for STMicroelectronics.X-CUBE-ST67W61.1.0.0
2025-09-21 10:40:22,900 [WARN] PackLoader:240 - Cannot read IP mode file for STMicroelectronics.X-CUBE-AI.10.2.0
2025-09-21 10:40:22,942 [WARN] PackLoader:240 - Cannot read IP mode file for SEGGER.I-CUBE-embOS.1.3.1
2025-09-21 10:40:22,991 [WARN] PackLoader:240 - Cannot read IP mode file for STMicroelectronics.X-CUBE-ALGOBUILD.1.4.0
2025-09-21 10:40:23,048 [WARN] PackLoader:240 - Cannot read IP mode file for STMicroelectronics.X-CUBE-MEMS1.11.3.0
2025-09-21 10:40:23,176 [WARN] PackLoader:240 - Cannot read IP mode file for STMicroelectronics.X-CUBE-AI.9.1.0
2025-09-21 10:40:23,181 [WARN] PackLoader:240 - Cannot read IP mode file for STMicroelectronics.X-CUBE-PM33A1.1.0.0
2025-09-21 10:40:23,190 [WARN] PackLoader:240 - Cannot read IP mode file for STMicroelectronics.X-CUBE-GNSS1.6.0.0
2025-09-21 10:40:23,208 [WARN] PackLoader:240 - Cannot read IP mode file for STMicroelectronics.X-CUBE-AZRTOS-F4.1.1.0
2025-09-21 10:40:23,215 [WARN] PackLoader:240 - Cannot read IP mode file for Avnet-IotConnect.X-CUBE-IoTC-DA16k-PMOD.1.0.0
2025-09-21 10:40:23,218 [WARN] PackLoader:240 - Cannot read IP mode file for STMicroelectronics.X-CUBE-ISPU.2.1.0
2025-09-21 10:40:23,223 [WARN] PackLoader:240 - Cannot read IP mode file for STMicroelectronics.X-CUBE-FREERTOS.1.2.0
2025-09-21 10:40:23,227 [WARN] PackLoader:240 - Cannot read IP mode file for wolfSSL.I-CUBE-wolfSSL.5.6.6
2025-09-21 10:40:23,233 [WARN] PackLoader:240 - Cannot read IP mode file for STMicroelectronics.X-CUBE-NFC12.1.0.0
2025-09-21 10:40:23,249 [WARN] PackLoader:240 - Cannot read IP mode file for STMicroelectronics.X-CUBE-AZRTOS-L5.2.0.0
2025-09-21 10:40:23,283 [WARN] PackLoader:240 - Cannot read IP mode file for STMicroelectronics.X-CUBE-MEMS1.9.6.0
2025-09-21 10:40:23,385 [WARN] PackLoader:240 - Cannot read IP mode file for STMicroelectronics.X-CUBE-EEPRMA1.4.2.0
2025-09-21 10:40:23,392 [WARN] PackLoader:240 - Cannot read IP mode file for STMicroelectronics.X-CUBE-NFC6.3.1.0
2025-09-21 10:40:23,395 [WARN] PackLoader:240 - Cannot read IP mode file for ITTIA_DB.I-CUBE-ITTIADB.8.8.0
2025-09-21 10:40:23,401 [WARN] PackLoader:240 - Cannot read IP mode file for STMicroelectronics.X-CUBE-BLEMGR.2.0.0
2025-09-21 10:40:23,408 [WARN] PackLoader:240 - Cannot read IP mode file for STMicroelectronics.X-CUBE-DPower.1.2.0
2025-09-21 10:40:23,413 [WARN] PackLoader:240 - Cannot read IP mode file for STMicroelectronics.X-CUBE-NFC4.2.0.5
2025-09-21 10:40:23,417 [WARN] PackLoader:240 - Cannot read IP mode file for STMicroelectronics.X-CUBE-NFC4.2.0.4
2025-09-21 10:40:23,421 [WARN] PackLoader:240 - Cannot read IP mode file for STMicroelectronics.X-CUBE-AI.9.0.0
2025-09-21 10:40:23,434 [WARN] ConditionMgr:438 - getConditionDescription Invalid condition id : UX DEVICE CLASS RTOS Condition cause : null
2025-09-21 10:40:23,434 [WARN] ConditionMgr:438 - getConditionDescription Invalid condition id : UX DEVICE CLASS RTOS Condition cause : null
2025-09-21 10:40:23,436 [WARN] PackLoader:240 - Cannot read IP mode file for STMicroelectronics.X-CUBE-AZRTOS-H7.3.1.0
2025-09-21 10:40:23,438 [WARN] ConditionMgr:1044 - genDependencies : Invalid condition id : UX DEVICE CLASS RTOS Condition cause : null
2025-09-21 10:40:23,438 [WARN] ConditionMgr:1044 - genDependencies : Invalid condition id : UX DEVICE CLASS RTOS Condition cause : null
2025-09-21 10:40:23,439 [WARN] ConditionMgr:1044 - genDependencies : Invalid condition id : UX DEVICE CLASS RTOS Condition cause : null
2025-09-21 10:40:23,439 [WARN] ConditionMgr:1044 - genDependencies : Invalid condition id : UX DEVICE CLASS RTOS Condition cause : null
2025-09-21 10:40:23,439 [WARN] ConditionMgr:1044 - genDependencies : Invalid condition id : UX DEVICE CLASS RTOS Condition cause : null
2025-09-21 10:40:23,444 [WARN] PackLoader:240 - Cannot read IP mode file for STMicroelectronics.X-CUBE-FREERTOS.1.3.1
2025-09-21 10:40:23,450 [WARN] PackLoader:240 - Cannot read IP mode file for STMicroelectronics.X-CUBE-FREERTOS.1.3.0
2025-09-21 10:40:23,455 [WARN] PackLoader:240 - Cannot read IP mode file for STMicroelectronics.X-CUBE-NFC7.1.0.1
2025-09-21 10:40:23,459 [WARN] PackLoader:240 - Cannot read IP mode file for STMicroelectronics.X-CUBE-NFC7.1.0.0
2025-09-21 10:40:23,464 [WARN] PackLoader:240 - Cannot read IP mode file for STMicroelectronics.X-CUBE-NFC6.3.0.0
2025-09-21 10:40:23,492 [WARN] PackLoader:240 - Cannot read IP mode file for STMicroelectronics.X-CUBE-EEPRMA1.4.1.0
2025-09-21 10:40:23,501 [WARN] PackLoader:240 - Cannot read IP mode file for STMicroelectronics.FP-SNS-STAIOTCFT.1.0.0
2025-09-21 10:40:23,506 [WARN] PackLoader:240 - Cannot read IP mode file for STMicroelectronics.X-CUBE-DPower.1.3.0
2025-09-21 10:40:23,510 [WARN] PackLoader:240 - Cannot read IP mode file for STMicroelectronics.X-CUBE-AI.8.1.0
2025-09-21 10:40:23,526 [WARN] ConditionMgr:438 - getConditionDescription Invalid condition id : LAN8742 Phy interface Condition cause : null
2025-09-21 10:40:23,527 [WARN] PackLoader:240 - Cannot read IP mode file for STMicroelectronics.X-CUBE-AZRTOS-L4.2.0.0
2025-09-21 10:40:23,528 [WARN] ConditionMgr:1044 - genDependencies : Invalid condition id : LAN8742 Phy interface Condition cause : null
2025-09-21 10:40:23,528 [WARN] ConditionMgr:1044 - genDependencies : Invalid condition id : LAN8742 Phy interface Condition cause : null
2025-09-21 10:40:23,529 [WARN] ConditionMgr:1044 - genDependencies : Invalid condition id : LAN8742 Phy interface Condition cause : null
2025-09-21 10:40:23,536 [WARN] PackLoader:240 - Cannot read IP mode file for STMicroelectronics.X-CUBE-SFXS2LP1.4.0.0
2025-09-21 10:40:23,553 [WARN] PackLoader:240 - Cannot read IP mode file for STMicroelectronics.X-CUBE-AZRTOS-H7.3.0.0
2025-09-21 10:40:23,562 [WARN] PackLoader:240 - Cannot read IP mode file for STMicroelectronics.X-CUBE-ISPU.1.1.0
2025-09-21 10:40:23,580 [WARN] PackLoader:240 - Cannot read IP mode file for STMicroelectronics.X-CUBE-AZRTOS-H7.3.3.0
2025-09-21 10:40:23,589 [WARN] PackLoader:240 - Cannot read IP mode file for RoweBots.I-CUBE-UNISONRTOS.5.5.0-4
2025-09-21 10:40:23,593 [WARN] PackLoader:240 - Cannot read IP mode file for wolfSSL.I-CUBE-wolfSSL.5.4.0
2025-09-21 10:40:23,603 [WARN] PackLoader:240 - Cannot read IP mode file for STMicroelectronics.X-CUBE-BLEMGR.4.1.0
2025-09-21 10:40:23,615 [WARN] PackLoader:240 - Cannot read IP mode file for STMicroelectronics.X-CUBE-IPS.3.0.0
2025-09-21 10:40:23,626 [WARN] ConditionMgr:438 - getConditionDescription Invalid condition id : UX DEVICE CLASS RTOS Condition cause : null
2025-09-21 10:40:23,627 [WARN] ConditionMgr:438 - getConditionDescription Invalid condition id : UX DEVICE CLASS RTOS Condition cause : null
2025-09-21 10:40:23,628 [WARN] PackLoader:240 - Cannot read IP mode file for STMicroelectronics.X-CUBE-AZRTOS-WB.2.0.0
2025-09-21 10:40:23,628 [WARN] ConditionMgr:1044 - genDependencies : Invalid condition id : UX DEVICE CLASS RTOS Condition cause : null
2025-09-21 10:40:23,628 [WARN] ConditionMgr:1044 - genDependencies : Invalid condition id : UX DEVICE CLASS RTOS Condition cause : null
2025-09-21 10:40:23,629 [WARN] ConditionMgr:1044 - genDependencies : Invalid condition id : UX DEVICE CLASS RTOS Condition cause : null
2025-09-21 10:40:23,629 [WARN] ConditionMgr:1044 - genDependencies : Invalid condition id : UX DEVICE CLASS RTOS Condition cause : null
2025-09-21 10:40:23,629 [WARN] ConditionMgr:1044 - genDependencies : Invalid condition id : UX DEVICE CLASS RTOS Condition cause : null
2025-09-21 10:40:23,633 [WARN] PackLoader:240 - Cannot read IP mode file for STMicroelectronics.X-CUBE-FREERTOS.1.0.1
2025-09-21 10:40:23,638 [WARN] PackLoader:240 - Cannot read IP mode file for STMicroelectronics.X-CUBE-GNSS1.7.0.0
2025-09-21 10:40:23,644 [WARN] PackLoader:240 - Cannot read IP mode file for STMicroelectronics.X-CUBE-GNSS1.7.0.1
2025-09-21 10:40:23,650 [WARN] PackLoader:240 - Cannot read IP mode file for STMicroelectronics.X-CUBE-BLEMGR.1.0.0
2025-09-21 10:40:23,653 [WARN] PackLoader:240 - Cannot read IP mode file for STMicroelectronics.X-CUBE-TOUCHGFX.4.25.0
2025-09-21 10:40:23,658 [WARN] PackLoader:240 - Cannot read IP mode file for STMicroelectronics.FP-SNS-STBOX1.2.0.0
2025-09-21 10:40:23,662 [WARN] ConditionMgr:438 - getConditionDescription Invalid condition id : Cortex-A Device cause : null
2025-09-21 10:40:23,668 [WARN] ConditionMgr:1044 - genDependencies : Invalid condition id : Cortex-A Device cause : null
2025-09-21 10:40:23,669 [WARN] ConditionMgr:1044 - genDependencies : Invalid condition id : Cortex-A Device cause : null
2025-09-21 10:40:23,669 [WARN] ConditionMgr:1044 - genDependencies : Invalid condition id : Cortex-A Device cause : null
2025-09-21 10:40:23,678 [WARN] PackLoader:240 - Cannot read IP mode file for STMicroelectronics.X-CUBE-AZRTOS-L5.1.1.0
2025-09-21 10:40:23,681 [WARN] PackLoader:240 - Cannot read IP mode file for STMicroelectronics.X-CUBE-AI.8.0.1
2025-09-21 10:40:23,690 [WARN] PackLoader:240 - Cannot read IP mode file for STMicroelectronics.X-CUBE-SUBG2.5.0.0
2025-09-21 10:40:23,707 [WARN] PackLoader:240 - Cannot read IP mode file for STMicroelectronics.X-CUBE-AZRTOS-H7RS.1.1.0
2025-09-21 10:40:23,713 [WARN] PackLoader:240 - Cannot read IP mode file for Cesanta.I-CUBE-Mongoose.7.13.0
2025-09-21 10:40:23,725 [WARN] PackLoader:240 - Cannot read IP mode file for STMicroelectronics.X-CUBE-AZRTOS-G4.2.0.0
2025-09-21 10:40:23,732 [WARN] PackLoader:240 - Cannot read IP mode file for STMicroelectronics.X-CUBE-TOF1.3.3.0
2025-09-21 10:40:23,740 [WARN] PackLoader:240 - Cannot read IP mode file for STMicroelectronics.FP-ATR-ASTRA1.1.1.1
2025-09-21 10:40:23,749 [WARN] PackLoader:240 - Cannot read IP mode file for Infineon.AIROC-Wi-Fi-Bluetooth-STM32.1.5.1
2025-09-21 10:40:23,755 [WARN] PackLoader:240 - Cannot read IP mode file for STMicroelectronics.FP-ATR-ASTRA1.1.1.0
2025-09-21 10:40:23,758 [WARN] PackLoader:240 - Cannot read IP mode file for wolfSSL.I-CUBE-wolfSSH.1.4.20
2025-09-21 10:40:23,763 [WARN] PackLoader:240 - Cannot read IP mode file for STMicroelectronics.X-CUBE-NFC7.2.0.0
2025-09-21 10:40:23,767 [WARN] PackLoader:240 - Cannot read IP mode file for STMicroelectronics.FP-SNS-MOTENVWB1.1.3.1
2025-09-21 10:40:23,779 [WARN] PackLoader:240 - Cannot read IP mode file for STMicroelectronics.X-CUBE-AZRTOS-G4.1.0.0
2025-09-21 10:40:23,790 [WARN] PackLoader:240 - Cannot read IP mode file for STMicroelectronics.X-CUBE-AZRTOS-L4.1.0.0
2025-09-21 10:40:23,794 [WARN] PackLoader:240 - Cannot read IP mode file for STMicroelectronics.X-CUBE-ISPU.2.0.0
2025-09-21 10:40:23,802 [WARN] PackLoader:240 - Cannot read IP mode file for STMicroelectronics.X-CUBE-IPS.3.1.0
2025-09-21 10:40:23,810 [WARN] PackLoader:240 - Cannot read IP mode file for STMicroelectronics.X-CUBE-ALS.1.0.2
2025-09-21 10:40:23,835 [WARN] PackLoader:240 - Cannot read IP mode file for STMicroelectronics.X-CUBE-MEMS1.10.0.0
2025-09-21 10:40:23,939 [WARN] PackLoader:240 - Cannot read IP mode file for STMicroelectronics.X-CUBE-FREERTOS.1.1.0
2025-09-21 10:40:23,942 [WARN] PackLoader:240 - Cannot read IP mode file for STMicroelectronics.X-CUBE-TOUCHGFX.4.24.0
2025-09-21 10:40:23,951 [WARN] PackLoader:240 - Cannot read IP mode file for STMicroelectronics.X-CUBE-AZRTOS-WL.1.0.0
2025-09-21 10:40:23,955 [WARN] PackLoader:240 - Cannot read IP mode file for STMicroelectronics.X-CUBE-TOUCHGFX.4.24.1
2025-09-21 10:40:23,960 [WARN] PackLoader:240 - Cannot read IP mode file for STMicroelectronics.X-CUBE-STSE01.1.0.0
2025-09-21 10:40:23,964 [WARN] PackLoader:240 - Cannot read IP mode file for wolfSSL.I-CUBE-wolfTPM.3.4.0
2025-09-21 10:40:23,971 [WARN] PackLoader:240 - Cannot read IP mode file for portGmbH.I-Cube-SoM-uGOAL.1.1.0
2025-09-21 10:40:23,974 [WARN] PackLoader:240 - Cannot read IP mode file for STMicroelectronics.X-CUBE-ALS.1.0.1
2025-09-21 10:40:23,987 [WARN] PackLoader:240 - Cannot read IP mode file for STMicroelectronics.X-CUBE-AZRTOS-WB.1.1.0
2025-09-21 10:40:24,002 [WARN] PackLoader:240 - Cannot read IP mode file for STMicroelectronics.X-CUBE-AZRTOS-L5.1.0.0
2025-09-21 10:40:24,007 [WARN] PackLoader:240 - Cannot read IP mode file for STMicroelectronics.X-CUBE-EEPRMA1.3.1.1
2025-09-21 10:40:24,034 [WARN] PackLoader:240 - Cannot read IP mode file for STMicroelectronics.X-CUBE-AZRTOS-H7RS.1.0.0
2025-09-21 10:40:24,043 [WARN] PackLoader:240 - Cannot read IP mode file for STMicroelectronics.FP-ATR-ASTRA1.2.0.0
2025-09-21 10:40:24,054 [WARN] PackLoader:240 - Cannot read IP mode file for STMicroelectronics.X-CUBE-TOF1.3.4.2
2025-09-21 10:40:24,075 [WARN] PackLoader:240 - Cannot read IP mode file for STMicroelectronics.X-CUBE-TOF1.3.4.3
2025-09-21 10:40:24,097 [WARN] PackLoader:240 - Cannot read IP mode file for STMicroelectronics.X-CUBE-TOF1.3.4.0
2025-09-21 10:40:24,119 [WARN] PackLoader:240 - Cannot read IP mode file for STMicroelectronics.X-CUBE-TOF1.3.4.1
2025-09-21 10:40:24,141 [WARN] PackLoader:240 - Cannot read IP mode file for STMicroelectronics.X-CUBE-AZRTOS-H7.3.2.0
2025-09-21 10:40:24,147 [WARN] PackLoader:240 - Cannot read IP mode file for wolfSSL.I-CUBE-wolfSSH.1.4.17
2025-09-21 10:40:24,148 [INFO] ThirdParty:978 - Integrity check success = true
2025-09-21 10:40:24,149 [INFO] IntegrityCheckThread:100 - exiting critical section [integrity check]
2025-09-21 10:40:24,149 [INFO] IntegrityCheckThread:103 - End integrity checks thread
2025-09-21 11:18:00,719 [ERROR] LogOutputStream:75 - [STDERR_REDIRECT] 
2025-09-21 11:18:23,736 [INFO] Activator:176 - 


2025-09-21 11:18:23,739 [INFO] Activator:177 - !SESSION log4j initialized
2025-09-21 11:18:29,661 [INFO] LogOutputStream:77 - [STDOUT_REDIRECT] 
2025-09-21 11:19:09,289 [INFO] ApplicationProperties:184 - Using Application install path: C:\ST\STM32CubeIDE_1.14.0\STM32CubeIDE\plugins\com.st.stm32cube.common.mx_6.15.0.202507011659
2025-09-21 11:19:09,303 [INFO] DbMcusXml:78 - Set database path to: C:\ST\STM32CubeIDE_1.14.0\STM32CubeIDE\plugins\com.st.stm32cube.common.mx_6.15.0.202507011659\\db\/mcu/
2025-09-21 11:19:09,303 [INFO] ApiDb:274 - Set plugin database path to: C:\ST\STM32CubeIDE_1.14.0\STM32CubeIDE\plugins\com.st.stm32cube.common.mx_6.15.0.202507011659\\db\/plugins/boardmanager/
2025-09-21 11:19:09,303 [WARN] ApiDb:259 - Overriding images path with different value:  => C:\ST\STM32CubeIDE_1.14.0\STM32CubeIDE\plugins\com.st.stm32cube.common.mx_6.15.0.202507011659\\db\/plugins/mcufinder/images/
2025-09-21 11:19:09,308 [INFO] ApiDb:250 - Set database path to: C:\Users\jihoo\.stmcufinder\plugins\mcufinder//mcu/
2025-09-21 11:19:09,309 [INFO] DbMcusAds:125 - Set database path to: C:\Users\jihoo\.stmcufinder\plugins\mcufinder//mcu/
2025-09-21 11:19:09,688 [INFO] CrossReferenceDbSqlite:203 - Set database path to: C:\Users\jihoo\.stmcufinder\plugins\mcufinder//mcu/cs/
2025-09-21 11:19:09,796 [INFO] RulesReader:64 - Compatibility file has been processed (317 Rules)
2025-09-21 11:19:09,859 [INFO] DbMcusXml:78 - Set database path to: C:\ST\STM32CubeIDE_1.14.0\STM32CubeIDE\plugins\com.st.stm32cube.common.mx_6.15.0.202507011659\\db\/mcu/
2025-09-21 11:19:09,859 [INFO] ApiDb:274 - Set plugin database path to: C:\ST\STM32CubeIDE_1.14.0\STM32CubeIDE\plugins\com.st.stm32cube.common.mx_6.15.0.202507011659\\db\/plugins/boardmanager/
2025-09-21 11:19:09,859 [INFO] ApiDb:261 - Set plugin images path to: C:\ST\STM32CubeIDE_1.14.0\STM32CubeIDE\plugins\com.st.stm32cube.common.mx_6.15.0.202507011659\\db\/plugins/mcufinder/images/
2025-09-21 11:19:09,861 [WARN] DbFile:41 - Overriding database path with different value: C:\Users\jihoo\.stmcufinder\plugins\mcufinder/ => C:\Users\jihoo\.stmcufinder\plugins\mcufinder
2025-09-21 11:19:09,861 [INFO] ApiDb:250 - Set database path to: C:\Users\jihoo\.stmcufinder\plugins\mcufinder//mcu/
2025-09-21 11:19:09,861 [WARN] DbFile:41 - Overriding database path with different value: C:\Users\jihoo\.stmcufinder\plugins\mcufinder/ => C:\Users\jihoo\.stmcufinder\plugins\mcufinder
2025-09-21 11:19:09,861 [INFO] DbMcusAds:125 - Set database path to: C:\Users\jihoo\.stmcufinder\plugins\mcufinder//mcu/
2025-09-21 11:19:09,861 [WARN] DbFile:41 - Overriding database path with different value: C:\Users\jihoo\.stmcufinder\plugins\mcufinder/ => C:\Users\jihoo\.stmcufinder\plugins\mcufinder
2025-09-21 11:19:09,861 [WARN] DbFile:41 - Overriding database path with different value: C:\Users\jihoo\.stmcufinder\plugins\mcufinder/ => C:\Users\jihoo\.stmcufinder\plugins\mcufinder
2025-09-21 11:19:09,861 [INFO] CrossReferenceDbSqlite:203 - Set database path to: C:\Users\jihoo\.stmcufinder\plugins\mcufinder//mcu/cs/
2025-09-21 11:19:09,935 [INFO] MainPanel:274 - HeapMemory: 703594496
2025-09-21 11:19:10,013 [INFO] DbMcusXml:78 - Set database path to: C:\ST\STM32CubeIDE_1.14.0\STM32CubeIDE\plugins\com.st.stm32cube.common.mx_6.15.0.202507011659\\db\/mcu/
2025-09-21 11:19:10,013 [INFO] ApiDb:274 - Set plugin database path to: C:\ST\STM32CubeIDE_1.14.0\STM32CubeIDE\plugins\com.st.stm32cube.common.mx_6.15.0.202507011659\\db\/plugins/boardmanager/
2025-09-21 11:19:10,014 [INFO] ApiDb:261 - Set plugin images path to: C:\ST\STM32CubeIDE_1.14.0\STM32CubeIDE\plugins\com.st.stm32cube.common.mx_6.15.0.202507011659\\db\/plugins/mcufinder/images/
2025-09-21 11:19:10,014 [WARN] DbFile:41 - Overriding database path with different value: C:\Users\jihoo\.stmcufinder\plugins\mcufinder/ => C:\Users\jihoo\.stmcufinder\plugins\mcufinder
2025-09-21 11:19:10,014 [INFO] ApiDb:250 - Set database path to: C:\Users\jihoo\.stmcufinder\plugins\mcufinder//mcu/
2025-09-21 11:19:10,014 [WARN] DbFile:41 - Overriding database path with different value: C:\Users\jihoo\.stmcufinder\plugins\mcufinder/ => C:\Users\jihoo\.stmcufinder\plugins\mcufinder
2025-09-21 11:19:10,014 [INFO] DbMcusAds:125 - Set database path to: C:\Users\jihoo\.stmcufinder\plugins\mcufinder//mcu/
2025-09-21 11:19:10,014 [WARN] DbFile:41 - Overriding database path with different value: C:\Users\jihoo\.stmcufinder\plugins\mcufinder/ => C:\Users\jihoo\.stmcufinder\plugins\mcufinder
2025-09-21 11:19:10,014 [WARN] DbFile:41 - Overriding database path with different value: C:\Users\jihoo\.stmcufinder\plugins\mcufinder/ => C:\Users\jihoo\.stmcufinder\plugins\mcufinder
2025-09-21 11:19:10,014 [INFO] CrossReferenceDbSqlite:203 - Set database path to: C:\Users\jihoo\.stmcufinder\plugins\mcufinder//mcu/cs/
2025-09-21 11:19:10,041 [INFO] ApplicationProperties:184 - Using Application install path: C:\ST\STM32CubeIDE_1.14.0\STM32CubeIDE\plugins\com.st.stm32cube.common.mx_6.15.0.202507011659
2025-09-21 11:19:10,042 [INFO] PluginManage:196 - Search for loadable plugins [exclusion list=, ]
2025-09-21 11:19:10,043 [INFO] PluginManage:310 - Check plugin analytics
2025-09-21 11:19:10,296 [INFO] AnalyticsPlugin:253 - Accepted Software Licenses: STM32CubeMX.6.6.1,STM32CubeMX.6.7.0,STM32CubeMX.6.10.0,STM32CubeMX.6.12.0,STM32CubeMX.6.13.0,STM32CubeMX.6.14.1,STM32CubeMX.6.15.0
2025-09-21 11:19:10,296 [INFO] AnalyticsPlugin:255 - Accepted CMSIS Pack Licenses: Oryx-Embedded.Middleware.2.5.2
2025-09-21 11:19:10,297 [INFO] AnalyticsPlugin:257 - Accepted Firmware Licenses: FW.H7.1.12.0,FW.F4.1.28.0
2025-09-21 11:19:10,297 [INFO] PluginManage:359 - Loaded plugin analytics (category:tool,tabindex:-1)
2025-09-21 11:19:10,297 [INFO] PluginManage:310 - Check plugin cadmodel
2025-09-21 11:19:10,303 [INFO] CADModel:105 - Init CAD model plugin
2025-09-21 11:19:10,303 [INFO] PluginManage:359 - Loaded plugin cadmodel (category:power,tabindex:5)
2025-09-21 11:19:10,303 [INFO] PluginManage:310 - Check plugin clock
2025-09-21 11:19:10,315 [INFO] PluginManage:359 - Loaded plugin clock (category:base,tabindex:2)
2025-09-21 11:19:10,315 [INFO] PluginManage:310 - Check plugin ddr
2025-09-21 11:19:10,317 [INFO] PluginManage:359 - Loaded plugin ddr (category:tool,tabindex:6)
2025-09-21 11:19:10,318 [INFO] PluginManage:310 - Check plugin filemanager
2025-09-21 11:19:10,497 [INFO] PluginManage:359 - Loaded plugin filemanager (category:base,tabindex:10)
2025-09-21 11:19:10,497 [INFO] PluginManage:310 - Check plugin ipmanager
2025-09-21 11:19:10,506 [INFO] PluginManage:359 - Loaded plugin ipmanager (category:base,tabindex:5)
2025-09-21 11:19:10,506 [INFO] PluginManage:310 - Check plugin lpbam
2025-09-21 11:19:10,514 [INFO] PluginManage:359 - Loaded plugin lpbam (category:base,tabindex:0)
2025-09-21 11:19:10,514 [INFO] PluginManage:310 - Check plugin memorymap
2025-09-21 11:19:10,525 [INFO] PluginManage:359 - Loaded plugin memorymap (category:base,tabindex:4)
2025-09-21 11:19:10,525 [INFO] PluginManage:310 - Check plugin pinoutandconfiguration
2025-09-21 11:19:10,534 [INFO] PluginManage:359 - Loaded plugin pinoutandconfiguration (category:base,tabindex:1)
2025-09-21 11:19:10,535 [INFO] PluginManage:310 - Check plugin pinoutconfig
2025-09-21 11:19:10,647 [WARN] SupportedApi:132 - Cannot load RTOS API schema: s4s-elt-must-match.1: The content of 'definitions' must match (annotation?, (simpleType | complexType)?, (unique | key | keyref)*)). A problem was found starting at: attribute.
2025-09-21 11:19:10,809 [INFO] PluginManage:359 - Loaded plugin pinoutconfig (category:base,tabindex:0)
2025-09-21 11:19:10,809 [INFO] PluginManage:310 - Check plugin power
2025-09-21 11:19:10,820 [INFO] PluginManage:359 - Loaded plugin power (category:power,tabindex:4)
2025-09-21 11:19:10,821 [INFO] PluginManage:310 - Check plugin projectmanager
2025-09-21 11:19:10,844 [INFO] PluginManage:359 - Loaded plugin projectmanager (category:projectmanager,tabindex:4)
2025-09-21 11:19:10,844 [INFO] PluginManage:310 - Check plugin rif
2025-09-21 11:19:10,856 [INFO] PluginManage:359 - Loaded plugin rif (category:base,tabindex:3)
2025-09-21 11:19:10,856 [INFO] PluginManage:310 - Check plugin thirdparty
2025-09-21 11:19:11,041 [INFO] PluginManage:359 - Loaded plugin thirdparty (category:base,tabindex:-1)
2025-09-21 11:19:11,042 [INFO] PluginManage:310 - Check plugin tools
2025-09-21 11:19:11,041 [WARN] IntegrityCheckThread:84 - waiting for thirdparty lock release [integrity check]
2025-09-21 11:19:11,042 [INFO] IntegrityCheckThread:86 - entering critical section [integrity check]
2025-09-21 11:19:11,043 [INFO] ThirdPartyUpdaterWithRetryManager:70 - Updater plugin not ready yet. [1/15]
2025-09-21 11:19:11,047 [INFO] PluginManage:359 - Loaded plugin tools (category:base,tabindex:7)
2025-09-21 11:19:11,047 [INFO] PluginManage:310 - Check plugin tutovideos
2025-09-21 11:19:11,277 [INFO] PluginManage:359 - Loaded plugin tutovideos (category:base,tabindex:-1)
2025-09-21 11:19:11,277 [INFO] PluginManage:310 - Check plugin updater
2025-09-21 11:19:11,302 [INFO] PluginManage:359 - Loaded plugin updater (category:base,tabindex:12)
2025-09-21 11:19:11,303 [INFO] PluginManage:310 - Check plugin userauth
2025-09-21 11:19:11,307 [INFO] UserAuth:118 - Init User Auth plugin
2025-09-21 11:19:11,308 [INFO] PluginManage:359 - Loaded plugin userauth (category:base,tabindex:14)
2025-09-21 11:19:11,309 [INFO] PluginManage:283 - PluginManage : Loaded plugins [18]
2025-09-21 11:19:11,526 [INFO] PinOutPanel:1589 - setPackage(No Configuration,No Configuration)
2025-09-21 11:19:11,628 [INFO] CADModel:165 - CPN selected for project level
2025-09-21 11:19:11,629 [INFO] CADModel:114 - Register for checkConnection events
2025-09-21 11:19:11,658 [INFO] IPUIPlugin:80 - create IPUIPlugin
2025-09-21 11:19:11,658 [INFO] PluginManager:220 - loadIPPluginJar : add adc
2025-09-21 11:19:11,661 [INFO] IPUIPlugin:80 - create IPUIPlugin
2025-09-21 11:19:11,661 [INFO] PluginManager:220 - loadIPPluginJar : add aes
2025-09-21 11:19:11,665 [INFO] IPUIPlugin:80 - create IPUIPlugin
2025-09-21 11:19:11,665 [INFO] PluginManager:220 - loadIPPluginJar : add can
2025-09-21 11:19:11,668 [INFO] IPUIPlugin:80 - create IPUIPlugin
2025-09-21 11:19:11,668 [INFO] PluginManager:220 - loadIPPluginJar : add comp
2025-09-21 11:19:11,671 [INFO] IPUIPlugin:80 - create IPUIPlugin
2025-09-21 11:19:11,671 [INFO] PluginManager:220 - loadIPPluginJar : add cryp
2025-09-21 11:19:11,674 [INFO] IPUIPlugin:80 - create IPUIPlugin
2025-09-21 11:19:11,674 [INFO] PluginManager:220 - loadIPPluginJar : add ddr_ctrl_phy
2025-09-21 11:19:11,677 [INFO] IPUIPlugin:80 - create IPUIPlugin
2025-09-21 11:19:11,677 [INFO] PluginManager:220 - loadIPPluginJar : add dfsdm
2025-09-21 11:19:11,685 [INFO] IPUIPlugin:80 - create IPUIPlugin
2025-09-21 11:19:11,686 [INFO] PluginManager:220 - loadIPPluginJar : add dma
2025-09-21 11:19:11,691 [INFO] IPUIPlugin:80 - create IPUIPlugin
2025-09-21 11:19:11,691 [INFO] PluginManager:220 - loadIPPluginJar : add dma3
2025-09-21 11:19:11,696 [INFO] IPUIPlugin:80 - create IPUIPlugin
2025-09-21 11:19:11,697 [INFO] PluginManager:220 - loadIPPluginJar : add extmemmanager
2025-09-21 11:19:11,702 [INFO] IPUIPlugin:80 - create IPUIPlugin
2025-09-21 11:19:11,702 [INFO] PluginManager:220 - loadIPPluginJar : add fatfs
2025-09-21 11:19:11,708 [INFO] IPUIPlugin:80 - create IPUIPlugin
2025-09-21 11:19:11,708 [INFO] PluginManager:220 - loadIPPluginJar : add fmc
2025-09-21 11:19:11,715 [INFO] IPUIPlugin:80 - create IPUIPlugin
2025-09-21 11:19:11,720 [INFO] PluginManager:220 - loadIPPluginJar : add freertos
2025-09-21 11:19:11,726 [INFO] IPUIPlugin:80 - create IPUIPlugin
2025-09-21 11:19:11,726 [INFO] PluginManager:220 - loadIPPluginJar : add genericplugin
2025-09-21 11:19:11,730 [INFO] IPUIPlugin:80 - create IPUIPlugin
2025-09-21 11:19:11,730 [INFO] PluginManager:220 - loadIPPluginJar : add gfxmmu
2025-09-21 11:19:11,735 [INFO] IPUIPlugin:80 - create IPUIPlugin
2025-09-21 11:19:11,735 [INFO] PluginManager:220 - loadIPPluginJar : add gic
2025-09-21 11:19:11,739 [INFO] IPUIPlugin:80 - create IPUIPlugin
2025-09-21 11:19:11,740 [INFO] PluginManager:220 - loadIPPluginJar : add gpio
2025-09-21 11:19:11,743 [INFO] IPUIPlugin:80 - create IPUIPlugin
2025-09-21 11:19:11,743 [INFO] PluginManager:220 - loadIPPluginJar : add gtzc
2025-09-21 11:19:11,746 [INFO] IPUIPlugin:80 - create IPUIPlugin
2025-09-21 11:19:11,746 [INFO] PluginManager:220 - loadIPPluginJar : add hash
2025-09-21 11:19:11,748 [INFO] IPUIPlugin:80 - create IPUIPlugin
2025-09-21 11:19:11,749 [INFO] PluginManager:220 - loadIPPluginJar : add i2c
2025-09-21 11:19:11,753 [INFO] IPUIPlugin:80 - create IPUIPlugin
2025-09-21 11:19:11,753 [INFO] PluginManager:220 - loadIPPluginJar : add i2s
2025-09-21 11:19:11,764 [INFO] IPUIPlugin:80 - create IPUIPlugin
2025-09-21 11:19:11,764 [INFO] PluginManager:220 - loadIPPluginJar : add i3c
2025-09-21 11:19:11,771 [INFO] IPUIPlugin:80 - create IPUIPlugin
2025-09-21 11:19:11,772 [INFO] PluginManager:220 - loadIPPluginJar : add ipddr
2025-09-21 11:19:11,801 [INFO] IPUIPlugin:80 - create IPUIPlugin
2025-09-21 11:19:11,801 [INFO] PluginManager:220 - loadIPPluginJar : add linkedlist
2025-09-21 11:19:11,805 [INFO] IPUIPlugin:80 - create IPUIPlugin
2025-09-21 11:19:11,805 [INFO] PluginManager:220 - loadIPPluginJar : add lorawan
2025-09-21 11:19:11,807 [INFO] IPUIPlugin:80 - create IPUIPlugin
2025-09-21 11:19:11,808 [INFO] PluginManager:220 - loadIPPluginJar : add ltdc
2025-09-21 11:19:11,815 [INFO] IPUIPlugin:80 - create IPUIPlugin
2025-09-21 11:19:11,815 [INFO] PluginManager:220 - loadIPPluginJar : add mdma
2025-09-21 11:19:11,819 [INFO] IPUIPlugin:80 - create IPUIPlugin
2025-09-21 11:19:11,819 [INFO] PluginManager:220 - loadIPPluginJar : add nvic
2025-09-21 11:19:11,823 [INFO] IPUIPlugin:80 - create IPUIPlugin
2025-09-21 11:19:11,823 [INFO] PluginManager:220 - loadIPPluginJar : add opamp
2025-09-21 11:19:11,827 [INFO] IPUIPlugin:80 - create IPUIPlugin
2025-09-21 11:19:11,827 [INFO] PluginManager:220 - loadIPPluginJar : add openamp
2025-09-21 11:19:11,831 [INFO] IPUIPlugin:80 - create IPUIPlugin
2025-09-21 11:19:11,831 [INFO] PluginManager:220 - loadIPPluginJar : add pdm2pcm
2025-09-21 11:19:11,838 [INFO] IPUIPlugin:80 - create IPUIPlugin
2025-09-21 11:19:11,842 [INFO] PluginManager:220 - loadIPPluginJar : add plateformsettings
2025-09-21 11:19:11,844 [INFO] IPUIPlugin:80 - create IPUIPlugin
2025-09-21 11:19:11,844 [INFO] PluginManager:220 - loadIPPluginJar : add quadspi
2025-09-21 11:19:11,846 [INFO] IPUIPlugin:80 - create IPUIPlugin
2025-09-21 11:19:11,847 [INFO] PluginManager:220 - loadIPPluginJar : add radio
2025-09-21 11:19:11,850 [INFO] IPUIPlugin:80 - create IPUIPlugin
2025-09-21 11:19:11,850 [INFO] PluginManager:220 - loadIPPluginJar : add resmgrutility
2025-09-21 11:19:11,854 [INFO] IPUIPlugin:80 - create IPUIPlugin
2025-09-21 11:19:11,854 [INFO] PluginManager:220 - loadIPPluginJar : add sai
2025-09-21 11:19:11,857 [INFO] IPUIPlugin:80 - create IPUIPlugin
2025-09-21 11:19:11,857 [INFO] PluginManager:220 - loadIPPluginJar : add spi
2025-09-21 11:19:11,865 [INFO] IPUIPlugin:80 - create IPUIPlugin
2025-09-21 11:19:11,865 [INFO] PluginManager:220 - loadIPPluginJar : add stm32_wpan
2025-09-21 11:19:11,867 [INFO] IPUIPlugin:80 - create IPUIPlugin
2025-09-21 11:19:11,867 [INFO] PluginManager:220 - loadIPPluginJar : add tim
2025-09-21 11:19:11,871 [INFO] IPUIPlugin:80 - create IPUIPlugin
2025-09-21 11:19:11,871 [INFO] PluginManager:220 - loadIPPluginJar : add touchsensing
2025-09-21 11:19:11,873 [INFO] IPUIPlugin:80 - create IPUIPlugin
2025-09-21 11:19:11,874 [INFO] PluginManager:220 - loadIPPluginJar : add tracer_emb
2025-09-21 11:19:11,876 [INFO] IPUIPlugin:80 - create IPUIPlugin
2025-09-21 11:19:11,876 [INFO] PluginManager:220 - loadIPPluginJar : add ts
2025-09-21 11:19:11,878 [INFO] IPUIPlugin:80 - create IPUIPlugin
2025-09-21 11:19:11,878 [INFO] PluginManager:220 - loadIPPluginJar : add tsc
2025-09-21 11:19:11,880 [INFO] IPUIPlugin:80 - create IPUIPlugin
2025-09-21 11:19:11,880 [INFO] PluginManager:220 - loadIPPluginJar : add ucpd
2025-09-21 11:19:11,883 [INFO] IPUIPlugin:80 - create IPUIPlugin
2025-09-21 11:19:11,883 [INFO] PluginManager:220 - loadIPPluginJar : add usart
2025-09-21 11:19:11,886 [INFO] IPUIPlugin:80 - create IPUIPlugin
2025-09-21 11:19:11,887 [INFO] PluginManager:220 - loadIPPluginJar : add usbx
2025-09-21 11:19:12,030 [FATAL] Updater:351 - Updater called before beeing initialized
2025-09-21 11:19:12,070 [INFO] RulesReader:64 - Compatibility file has been processed (317 Rules)
2025-09-21 11:19:12,084 [INFO] RulesReader:64 - Compatibility file has been processed (317 Rules)
2025-09-21 11:19:12,094 [INFO] CADModel:165 - CPN selected for project level
2025-09-21 11:19:12,094 [INFO] CADModel:114 - Register for checkConnection events
2025-09-21 11:19:12,095 [FATAL] Updater:351 - Updater called before beeing initialized
2025-09-21 11:19:12,095 [ERROR] CADModel:125 - Updater not yet initialized, retry later 
2025-09-21 11:19:12,284 [FATAL] Updater:351 - Updater called before beeing initialized
2025-09-21 11:19:12,286 [INFO] CADModel:165 - CPN selected for project level
2025-09-21 11:19:12,286 [INFO] CADModel:114 - Register for checkConnection events
2025-09-21 11:19:12,286 [FATAL] Updater:351 - Updater called before beeing initialized
2025-09-21 11:19:12,286 [ERROR] CADModel:125 - Updater not yet initialized, retry later 
2025-09-21 11:19:12,289 [FATAL] Updater:351 - Updater called before beeing initialized
2025-09-21 11:19:12,384 [FATAL] Updater:351 - Updater called before beeing initialized
2025-09-21 11:19:12,387 [INFO] DbMcusAds:53 - JSON generation date=Tue Jul 08 17:14:23 KST 2025 (1751962463524)
2025-09-21 11:19:12,388 [FATAL] Updater:351 - Updater called before beeing initialized
2025-09-21 11:19:12,417 [WARN] DetailPanel:346 - Failed to get advertising image, set to default
2025-09-21 11:19:12,492 [FATAL] Updater:351 - Updater called before beeing initialized
2025-09-21 11:19:12,492 [FATAL] Updater:351 - Updater called before beeing initialized
2025-09-21 11:19:12,492 [FATAL] Updater:351 - Updater called before beeing initialized
2025-09-21 11:19:12,492 [WARN] DetailPanel:346 - Failed to get advertising image, set to default
2025-09-21 11:19:12,492 [FATAL] Updater:351 - Updater called before beeing initialized
2025-09-21 11:19:12,524 [ERROR] Updater:1198 - MainUpdater not yet initialized. External WinMGr cannot be set.
2025-09-21 11:19:12,524 [INFO] Updater:1134 - Updater Version found : 6.15.0
2025-09-21 11:19:12,540 [INFO] ApplicationProperties:184 - Using Application install path: C:\ST\STM32CubeIDE_1.14.0\STM32CubeIDE\plugins\com.st.stm32cube.common.mx_6.15.0.202507011659
2025-09-21 11:19:12,843 [INFO] MainUpdater:2872 - connection check result : 10
2025-09-21 11:19:12,843 [INFO] MainUpdater:289 - Updater Check For Update Now.
2025-09-21 11:19:12,843 [INFO] MicroXplorer:498 - Change Database Version : DB.6.0.150
2025-09-21 11:19:12,843 [INFO] McuFinderGlobals:63 - Set McuFinder mode to 2 (CubeIDE integrated)
2025-09-21 11:19:12,843 [INFO] UserAuth:487 - Internet connection configuration mode: 1
2025-09-21 11:19:12,859 [INFO] JxBrowserEngine:152 - Initiate JxBrowser Engine with user profile folder
2025-09-21 11:19:13,032 [INFO] CheckServerUpdateThread:120 - End of CheckServer Thread
2025-09-21 11:19:13,395 [INFO] WebApp:169 - Instantiating new browser for Auth
2025-09-21 11:19:13,977 [INFO] WebApp:463 - Apply proxy settings
2025-09-21 11:19:13,978 [INFO] WebApp:548 - Chromium requires no authentication
2025-09-21 11:19:13,985 [INFO] WebApp:491 - Direct internet connection detected
2025-09-21 11:19:14,006 [INFO] WebApp:900 - Register for checkConnection events
2025-09-21 11:19:14,006 [INFO] WebApp:463 - Apply proxy settings
2025-09-21 11:19:14,006 [INFO] WebApp:548 - Chromium requires no authentication
2025-09-21 11:19:14,006 [INFO] WebApp:491 - Direct internet connection detected
2025-09-21 11:19:14,190 [INFO] WebApp:225 - Starting web application
2025-09-21 11:19:14,190 [INFO] WebApp:593 - Web application path used C:\ST\STM32CubeIDE_1.14.0\STM32CubeIDE\plugins\com.st.stm32cube.common.mx_6.15.0.202507011659\db\plugins\mcufinder\reactClient1\index.html
2025-09-21 11:19:14,317 [INFO] UserAuth:487 - Internet connection configuration mode: 1
2025-09-21 11:19:14,390 [INFO] WebApp:191 - Connection restablished
2025-09-21 11:19:14,444 [WARN] PackLoader:240 - Cannot read IP mode file for STMicroelectronics.FP-SNS-MOTENVWB1.1.4.0
2025-09-21 11:19:14,459 [WARN] PackLoader:240 - Cannot read IP mode file for STMicroelectronics.FP-ATR-ASTRA1.2.0.2
2025-09-21 11:19:14,464 [WARN] PackLoader:240 - Cannot read IP mode file for STMicroelectronics.FP-ATR-ASTRA1.2.0.1
2025-09-21 11:19:14,476 [WARN] PackLoader:240 - Cannot read IP mode file for STMicroelectronics.X-CUBE-SMBUS.2.1.0
2025-09-21 11:19:14,487 [WARN] PackLoader:240 - Cannot read IP mode file for STMicroelectronics.X-CUBE-WB05N.1.1.0
2025-09-21 11:19:14,496 [WARN] PackLoader:240 - Cannot read IP mode file for STMicroelectronics.X-CUBE-ST60.1.0.0
2025-09-21 11:19:14,506 [WARN] PackLoader:240 - Cannot read IP mode file for STMicroelectronics.X-CUBE-TOUCHGFX.4.23.0
2025-09-21 11:19:14,572 [WARN] PackLoader:240 - Cannot read IP mode file for STMicroelectronics.X-CUBE-AZRTOS-F7.1.1.0
2025-09-21 11:19:14,590 [WARN] PackLoader:240 - Cannot read IP mode file for STMicroelectronics.FP-SNS-MOTENV1.4.3.2
2025-09-21 11:19:14,600 [ERROR] RealEvaluatedCondition:428 - Found unsupported composite condition: CLASS='Data Exchange' GROUP='STM32_MetaDataManager'
2025-09-21 11:19:14,601 [ERROR] RealEvaluatedCondition:428 - Found unsupported composite condition: GROUP='STM32_MetaDataManager' CLASS='Data Exchange'
2025-09-21 11:19:14,602 [WARN] PackLoader:240 - Cannot read IP mode file for STMicroelectronics.FP-SNS-MOTENV1.4.3.1
2025-09-21 11:19:14,610 [WARN] PackLoader:240 - Cannot read IP mode file for STMicroelectronics.FP-SNS-FLIGHT1.5.0.1
2025-09-21 11:19:14,623 [WARN] PackLoader:240 - Cannot read IP mode file for STMicroelectronics.X-CUBE-BLE1.6.2.3
2025-09-21 11:19:14,725 [WARN] PackLoader:240 - Cannot read IP mode file for STMicroelectronics.X-CUBE-MEMS1.11.0.0
2025-09-21 11:19:15,054 [WARN] PackLoader:240 - Cannot read IP mode file for STMicroelectronics.X-CUBE-BLE1.6.2.4
2025-09-21 11:19:15,070 [WARN] PackLoader:240 - Cannot read IP mode file for WES.I-CUBE-Cesium.1.4.0
2025-09-21 11:19:15,077 [WARN] PackLoader:240 - Cannot read IP mode file for STMicroelectronics.FP-SNS-FLIGHT1.5.0.2
2025-09-21 11:19:15,124 [WARN] PackLoader:240 - Cannot read IP mode file for Infineon.AIROC-Wi-Fi-Bluetooth-STM32.1.7.1
2025-09-21 11:19:15,141 [WARN] PackLoader:240 - Cannot read IP mode file for STMicroelectronics.X-CUBE-TOF1.3.1.0
2025-09-21 11:19:15,171 [WARN] PackLoader:240 - Cannot read IP mode file for STMicroelectronics.X-CUBE-AZRTOS-H7.3.4.0
2025-09-21 11:19:15,182 [WARN] PackLoader:240 - Cannot read IP mode file for STMicroelectronics.X-CUBE-DISPLAY.3.0.0
2025-09-21 11:19:15,188 [WARN] PackLoader:240 - Cannot read IP mode file for STMicroelectronics.X-CUBE-BLE1.7.0.0
2025-09-21 11:19:15,194 [WARN] PackLoader:240 - Cannot read IP mode file for STMicroelectronics.X-CUBE-NFC10.1.0.0
2025-09-21 11:19:15,206 [WARN] PackLoader:240 - Cannot read IP mode file for STMicroelectronics.X-CUBE-BLEMGR.4.0.0
2025-09-21 11:19:15,218 [WARN] PackLoader:240 - Cannot read IP mode file for emotas.I-CUBE-CANOPEN.1.3.0
2025-09-21 11:19:15,270 [WARN] PackLoader:240 - Cannot read IP mode file for STMicroelectronics.X-CUBE-MEMS1.9.3.0
2025-09-21 11:19:15,416 [WARN] PackLoader:240 - Cannot read IP mode file for STMicroelectronics.X-CUBE-AI.7.2.0
2025-09-21 11:19:15,422 [WARN] PackLoader:240 - Cannot read IP mode file for STMicroelectronics.X-CUBE-BLEMGR.3.1.0
2025-09-21 11:19:15,428 [WARN] PackLoader:240 - Cannot read IP mode file for STMicroelectronics.X-CUBE-AI.10.0.0
2025-09-21 11:19:15,439 [WARN] PackLoader:240 - Cannot read IP mode file for STMicroelectronics.FP-SNS-STBOX1.2.1.0
2025-09-21 11:19:15,446 [WARN] PackLoader:240 - Cannot read IP mode file for STMicroelectronics.FP-SNS-SMARTAG2.1.2.0
2025-09-21 11:19:15,446 [WARN] PackLoader:240 - Cannot read IP mode file for STMicroelectronics.FP-SNS-FLIGHT1.5.1.0
2025-09-21 11:19:15,457 [INFO] LogOutputStream:77 - [STDOUT_REDIRECT] 1 : Invalid condition id : UX_CORESTACK_Condition cause : null
2025-09-21 11:19:15,457 [INFO] LogOutputStream:77 - [STDOUT_REDIRECT] 1 : Invalid condition id : UX_CORESTACK_Condition cause : null
2025-09-21 11:19:15,457 [INFO] LogOutputStream:77 - [STDOUT_REDIRECT] 1 : Invalid condition id : UX_CORESTACK_Condition cause : null
2025-09-21 11:19:15,457 [INFO] LogOutputStream:77 - [STDOUT_REDIRECT] 1 : Invalid condition id : UX_CORESTACK_Condition cause : null
2025-09-21 11:19:15,463 [INFO] LogOutputStream:77 - [STDOUT_REDIRECT] 1 : Invalid condition id : UX_CORESTACK_Condition cause : null
2025-09-21 11:19:15,463 [WARN] PackLoader:240 - Cannot read IP mode file for STMicroelectronics.X-CUBE-AZRTOS-WL.2.0.0
2025-09-21 11:19:15,469 [WARN] PackLoader:240 - Cannot read IP mode file for STMicroelectronics.FP-SNS-MOTENV1.5.0.0
2025-09-21 11:19:15,475 [WARN] PackLoader:240 - Cannot read IP mode file for wolfSSL.I-CUBE-wolfMQTT.1.19.0
2025-09-21 11:19:15,475 [WARN] PackLoader:240 - Cannot read IP mode file for WES.I-CUBE-Cesium.1.3.0
2025-09-21 11:19:15,481 [WARN] PackLoader:240 - Cannot read IP mode file for STMicroelectronics.X-CUBE-BLE2.3.3.0
2025-09-21 11:19:15,487 [WARN] PackLoader:240 - Cannot read IP mode file for STMicroelectronics.X-CUBE-DISPLAY.2.2.0
2025-09-21 11:19:15,500 [WARN] PackLoader:240 - Cannot read IP mode file for STMicroelectronics.X-CUBE-TOF1.3.2.0
2025-09-21 11:19:15,506 [WARN] PackLoader:240 - Cannot read IP mode file for STMicroelectronics.X-CUBE-ISPU.1.0.0
2025-09-21 11:19:15,534 [WARN] ConditionMgr:438 - getConditionDescription Invalid condition id : Dummy Dependencies cause : null
2025-09-21 11:19:15,734 [WARN] ConditionMgr:1044 - genDependencies : Invalid condition id : Dummy Dependencies cause : null
2025-09-21 11:19:15,740 [WARN] ConditionMgr:1044 - genDependencies : Invalid condition id : Dummy Dependencies cause : null
2025-09-21 11:19:15,740 [WARN] ConditionMgr:1044 - genDependencies : Invalid condition id : Dummy Dependencies cause : null
2025-09-21 11:19:15,752 [WARN] ConditionMgr:438 - getConditionDescription Invalid condition id : Dummy Dependencies cause : null
2025-09-21 11:19:15,870 [WARN] PackLoader:240 - Cannot read IP mode file for STMicroelectronics.X-CUBE-NFC9.1.0.0
2025-09-21 11:19:15,894 [WARN] PackLoader:240 - Cannot read IP mode file for STMicroelectronics.X-CUBE-AZRTOS-H7.2.1.0
2025-09-21 11:19:15,901 [WARN] PackLoader:240 - Cannot read IP mode file for wolfSSL.I-CUBE-wolfSSL.5.8.2
2025-09-21 11:19:15,901 [WARN] PackLoader:240 - Cannot read IP mode file for STMicroelectronics.X-CUBE-BLE1.7.1.0
2025-09-21 11:19:15,901 [WARN] PackLoader:240 - Cannot read IP mode file for wolfSSL.I-CUBE-wolfMQTT.1.19.2
2025-09-21 11:19:15,923 [WARN] PackLoader:240 - Cannot read IP mode file for STMicroelectronics.X-CUBE-TCPP.4.1.0
2025-09-21 11:19:15,935 [WARN] PackLoader:240 - Cannot read IP mode file for STMicroelectronics.X-CUBE-EEPRMA1.5.2.0
2025-09-21 11:19:15,940 [WARN] PackLoader:240 - Cannot read IP mode file for STMicroelectronics.X-CUBE-TOUCHGFX.4.21.1
2025-09-21 11:19:15,945 [WARN] PackLoader:240 - Cannot read IP mode file for STMicroelectronics.X-CUBE-TOUCHGFX.4.21.0
2025-09-21 11:19:15,946 [WARN] PackLoader:240 - Cannot read IP mode file for STMicroelectronics.X-CUBE-TOUCHGFX.4.21.4
2025-09-21 11:19:15,981 [WARN] PackLoader:240 - Cannot read IP mode file for STMicroelectronics.X-CUBE-MEMS1.9.4.0
2025-09-21 11:19:16,099 [WARN] PackLoader:240 - Cannot read IP mode file for STMicroelectronics.X-CUBE-AI.7.3.0
2025-09-21 11:19:16,106 [WARN] PackLoader:240 - Cannot read IP mode file for STMicroelectronics.X-CUBE-AI.10.1.0
2025-09-21 11:19:16,112 [WARN] PackLoader:240 - Cannot read IP mode file for STMicroelectronics.X-CUBE-ALGOBUILD.1.3.0
2025-09-21 11:19:16,153 [WARN] PackLoader:240 - Cannot read IP mode file for STMicroelectronics.X-CUBE-MEMS1.11.2.0
2025-09-21 11:19:16,272 [WARN] PackLoader:240 - Cannot read IP mode file for STMicroelectronics.X-CUBE-AZRTOS-G0.1.1.0
2025-09-21 11:19:16,282 [WARN] PackLoader:240 - Cannot read IP mode file for STMicroelectronics.X-CUBE-SAFEA1.1.2.2
2025-09-21 11:19:16,287 [WARN] PackLoader:240 - Cannot read IP mode file for STMicroelectronics.X-CUBE-NFC4.3.0.0
2025-09-21 11:19:16,317 [WARN] PackLoader:240 - Cannot read IP mode file for SEGGER.I-CUBE-embOS.1.2.0
2025-09-21 11:19:16,358 [WARN] PackLoader:240 - Cannot read IP mode file for EmbeddedOffice.I-CUBE-FS-RTOS.1.0.1
2025-09-21 11:19:16,363 [WARN] PackLoader:240 - Cannot read IP mode file for STMicroelectronics.X-CUBE-WB05N.2.0.0
2025-09-21 11:19:16,369 [WARN] PackLoader:240 - Cannot read IP mode file for STMicroelectronics.X-CUBE-BLEMGR.3.0.0
2025-09-21 11:19:16,375 [WARN] PackLoader:240 - Cannot read IP mode file for wolfSSL.I-CUBE-wolfTPM.3.8.0
2025-09-21 11:19:16,382 [WARN] PackLoader:240 - Cannot read IP mode file for STMicroelectronics.X-CUBE-BLEMGR.1.3.0
2025-09-21 11:19:16,387 [WARN] PackLoader:240 - Cannot read IP mode file for STMicroelectronics.X-CUBE-TCPP.4.2.0
2025-09-21 11:19:16,393 [WARN] PackLoader:240 - Cannot read IP mode file for RealThread.X-CUBE-RT-Thread_Nano.4.1.1
2025-09-21 11:19:16,398 [WARN] PackLoader:240 - Cannot read IP mode file for STMicroelectronics.FP-ATR-SIGFOX1.3.2.0
2025-09-21 11:19:16,398 [WARN] ConditionMgr:438 - getConditionDescription Invalid condition id : Cortex-A Device cause : null
2025-09-21 11:19:16,411 [WARN] ConditionMgr:1044 - genDependencies : Invalid condition id : Cortex-A Device cause : null
2025-09-21 11:19:16,411 [WARN] ConditionMgr:1044 - genDependencies : Invalid condition id : Cortex-A Device cause : null
2025-09-21 11:19:16,411 [WARN] ConditionMgr:1044 - genDependencies : Invalid condition id : Cortex-A Device cause : null
2025-09-21 11:19:16,411 [WARN] PackLoader:240 - Cannot read IP mode file for STMicroelectronics.X-CUBE-EEPRMA1.5.1.0
2025-09-21 11:19:16,421 [WARN] PackLoader:240 - Cannot read IP mode file for emotas.I-CUBE-CANOPEN.1.1.2
2025-09-21 11:19:16,422 [WARN] PackLoader:240 - Cannot read IP mode file for STMicroelectronics.X-CUBE-TOUCHGFX.4.20.0
2025-09-21 11:19:16,428 [WARN] PackLoader:240 - Cannot read IP mode file for ITTIA_DB.I-CUBE-ITTIADB.8.9.0
2025-09-21 11:19:16,440 [WARN] PackLoader:240 - Cannot read IP mode file for STMicroelectronics.X-CUBE-ST67W61.1.0.0
2025-09-21 11:19:16,445 [WARN] PackLoader:240 - Cannot read IP mode file for STMicroelectronics.X-CUBE-AI.10.2.0
2025-09-21 11:19:16,463 [WARN] PackLoader:240 - Cannot read IP mode file for SEGGER.I-CUBE-embOS.1.3.1
2025-09-21 11:19:16,493 [WARN] PackLoader:240 - Cannot read IP mode file for STMicroelectronics.X-CUBE-ALGOBUILD.1.4.0
2025-09-21 11:19:16,546 [WARN] PackLoader:240 - Cannot read IP mode file for STMicroelectronics.X-CUBE-MEMS1.11.3.0
2025-09-21 11:19:16,688 [WARN] PackLoader:240 - Cannot read IP mode file for STMicroelectronics.X-CUBE-AI.9.1.0
2025-09-21 11:19:16,694 [WARN] PackLoader:240 - Cannot read IP mode file for STMicroelectronics.X-CUBE-PM33A1.1.0.0
2025-09-21 11:19:16,700 [WARN] PackLoader:240 - Cannot read IP mode file for STMicroelectronics.X-CUBE-GNSS1.6.0.0
2025-09-21 11:19:16,727 [WARN] PackLoader:240 - Cannot read IP mode file for STMicroelectronics.X-CUBE-AZRTOS-F4.1.1.0
2025-09-21 11:19:16,735 [WARN] PackLoader:240 - Cannot read IP mode file for Avnet-IotConnect.X-CUBE-IoTC-DA16k-PMOD.1.0.0
2025-09-21 11:19:16,740 [WARN] PackLoader:240 - Cannot read IP mode file for STMicroelectronics.X-CUBE-ISPU.2.1.0
2025-09-21 11:19:16,748 [WARN] PackLoader:240 - Cannot read IP mode file for STMicroelectronics.X-CUBE-FREERTOS.1.2.0
2025-09-21 11:19:16,754 [WARN] PackLoader:240 - Cannot read IP mode file for wolfSSL.I-CUBE-wolfSSL.5.6.6
2025-09-21 11:19:16,759 [WARN] PackLoader:240 - Cannot read IP mode file for STMicroelectronics.X-CUBE-NFC12.1.0.0
2025-09-21 11:19:16,802 [WARN] PackLoader:240 - Cannot read IP mode file for STMicroelectronics.X-CUBE-AZRTOS-L5.2.0.0
2025-09-21 11:19:16,870 [WARN] PackLoader:240 - Cannot read IP mode file for STMicroelectronics.X-CUBE-MEMS1.9.6.0
2025-09-21 11:19:17,022 [WARN] PackLoader:240 - Cannot read IP mode file for STMicroelectronics.X-CUBE-EEPRMA1.4.2.0
2025-09-21 11:19:17,028 [WARN] PackLoader:240 - Cannot read IP mode file for STMicroelectronics.X-CUBE-NFC6.3.1.0
2025-09-21 11:19:17,034 [WARN] PackLoader:240 - Cannot read IP mode file for ITTIA_DB.I-CUBE-ITTIADB.8.8.0
2025-09-21 11:19:17,040 [WARN] PackLoader:240 - Cannot read IP mode file for STMicroelectronics.X-CUBE-BLEMGR.2.0.0
2025-09-21 11:19:17,052 [WARN] PackLoader:240 - Cannot read IP mode file for STMicroelectronics.X-CUBE-DPower.1.2.0
2025-09-21 11:19:17,057 [WARN] PackLoader:240 - Cannot read IP mode file for STMicroelectronics.X-CUBE-NFC4.2.0.5
2025-09-21 11:19:17,064 [WARN] PackLoader:240 - Cannot read IP mode file for STMicroelectronics.X-CUBE-NFC4.2.0.4
2025-09-21 11:19:17,064 [WARN] PackLoader:240 - Cannot read IP mode file for STMicroelectronics.X-CUBE-AI.9.0.0
2025-09-21 11:19:17,082 [WARN] ConditionMgr:438 - getConditionDescription Invalid condition id : UX DEVICE CLASS RTOS Condition cause : null
2025-09-21 11:19:17,082 [WARN] ConditionMgr:438 - getConditionDescription Invalid condition id : UX DEVICE CLASS RTOS Condition cause : null
2025-09-21 11:19:17,082 [WARN] PackLoader:240 - Cannot read IP mode file for STMicroelectronics.X-CUBE-AZRTOS-H7.3.1.0
2025-09-21 11:19:17,088 [WARN] ConditionMgr:1044 - genDependencies : Invalid condition id : UX DEVICE CLASS RTOS Condition cause : null
2025-09-21 11:19:17,088 [WARN] ConditionMgr:1044 - genDependencies : Invalid condition id : UX DEVICE CLASS RTOS Condition cause : null
2025-09-21 11:19:17,088 [WARN] ConditionMgr:1044 - genDependencies : Invalid condition id : UX DEVICE CLASS RTOS Condition cause : null
2025-09-21 11:19:17,088 [WARN] ConditionMgr:1044 - genDependencies : Invalid condition id : UX DEVICE CLASS RTOS Condition cause : null
2025-09-21 11:19:17,088 [WARN] ConditionMgr:1044 - genDependencies : Invalid condition id : UX DEVICE CLASS RTOS Condition cause : null
2025-09-21 11:19:17,099 [WARN] PackLoader:240 - Cannot read IP mode file for STMicroelectronics.X-CUBE-FREERTOS.1.3.1
2025-09-21 11:19:17,104 [WARN] PackLoader:240 - Cannot read IP mode file for STMicroelectronics.X-CUBE-FREERTOS.1.3.0
2025-09-21 11:19:17,105 [WARN] PackLoader:240 - Cannot read IP mode file for STMicroelectronics.X-CUBE-NFC7.1.0.1
2025-09-21 11:19:17,111 [WARN] PackLoader:240 - Cannot read IP mode file for STMicroelectronics.X-CUBE-NFC7.1.0.0
2025-09-21 11:19:17,122 [WARN] PackLoader:240 - Cannot read IP mode file for STMicroelectronics.X-CUBE-NFC6.3.0.0
2025-09-21 11:19:17,129 [WARN] PackLoader:240 - Cannot read IP mode file for STMicroelectronics.X-CUBE-EEPRMA1.4.1.0
2025-09-21 11:19:17,134 [WARN] PackLoader:240 - Cannot read IP mode file for STMicroelectronics.FP-SNS-STAIOTCFT.1.0.0
2025-09-21 11:19:17,134 [WARN] PackLoader:240 - Cannot read IP mode file for STMicroelectronics.X-CUBE-DPower.1.3.0
2025-09-21 11:19:17,141 [WARN] PackLoader:240 - Cannot read IP mode file for STMicroelectronics.X-CUBE-AI.8.1.0
2025-09-21 11:19:17,158 [WARN] ConditionMgr:438 - getConditionDescription Invalid condition id : LAN8742 Phy interface Condition cause : null
2025-09-21 11:19:17,158 [WARN] PackLoader:240 - Cannot read IP mode file for STMicroelectronics.X-CUBE-AZRTOS-L4.2.0.0
2025-09-21 11:19:17,158 [WARN] ConditionMgr:1044 - genDependencies : Invalid condition id : LAN8742 Phy interface Condition cause : null
2025-09-21 11:19:17,158 [WARN] ConditionMgr:1044 - genDependencies : Invalid condition id : LAN8742 Phy interface Condition cause : null
2025-09-21 11:19:17,158 [WARN] ConditionMgr:1044 - genDependencies : Invalid condition id : LAN8742 Phy interface Condition cause : null
2025-09-21 11:19:17,169 [WARN] PackLoader:240 - Cannot read IP mode file for STMicroelectronics.X-CUBE-SFXS2LP1.4.0.0
2025-09-21 11:19:17,188 [WARN] PackLoader:240 - Cannot read IP mode file for STMicroelectronics.X-CUBE-AZRTOS-H7.3.0.0
2025-09-21 11:19:17,194 [WARN] PackLoader:240 - Cannot read IP mode file for STMicroelectronics.X-CUBE-ISPU.1.1.0
2025-09-21 11:19:17,211 [WARN] PackLoader:240 - Cannot read IP mode file for STMicroelectronics.X-CUBE-AZRTOS-H7.3.3.0
2025-09-21 11:19:17,222 [WARN] PackLoader:240 - Cannot read IP mode file for RoweBots.I-CUBE-UNISONRTOS.5.5.0-4
2025-09-21 11:19:17,222 [WARN] PackLoader:240 - Cannot read IP mode file for wolfSSL.I-CUBE-wolfSSL.5.4.0
2025-09-21 11:19:17,233 [WARN] PackLoader:240 - Cannot read IP mode file for STMicroelectronics.X-CUBE-BLEMGR.4.1.0
2025-09-21 11:19:17,246 [WARN] PackLoader:240 - Cannot read IP mode file for STMicroelectronics.X-CUBE-IPS.3.0.0
2025-09-21 11:19:17,265 [WARN] ConditionMgr:438 - getConditionDescription Invalid condition id : UX DEVICE CLASS RTOS Condition cause : null
2025-09-21 11:19:17,265 [WARN] ConditionMgr:438 - getConditionDescription Invalid condition id : UX DEVICE CLASS RTOS Condition cause : null
2025-09-21 11:19:17,270 [WARN] PackLoader:240 - Cannot read IP mode file for STMicroelectronics.X-CUBE-AZRTOS-WB.2.0.0
2025-09-21 11:19:17,270 [WARN] ConditionMgr:1044 - genDependencies : Invalid condition id : UX DEVICE CLASS RTOS Condition cause : null
2025-09-21 11:19:17,270 [WARN] ConditionMgr:1044 - genDependencies : Invalid condition id : UX DEVICE CLASS RTOS Condition cause : null
2025-09-21 11:19:17,270 [WARN] ConditionMgr:1044 - genDependencies : Invalid condition id : UX DEVICE CLASS RTOS Condition cause : null
2025-09-21 11:19:17,270 [WARN] ConditionMgr:1044 - genDependencies : Invalid condition id : UX DEVICE CLASS RTOS Condition cause : null
2025-09-21 11:19:17,270 [WARN] ConditionMgr:1044 - genDependencies : Invalid condition id : UX DEVICE CLASS RTOS Condition cause : null
2025-09-21 11:19:17,274 [WARN] PackLoader:240 - Cannot read IP mode file for STMicroelectronics.X-CUBE-FREERTOS.1.0.1
2025-09-21 11:19:17,276 [WARN] PackLoader:240 - Cannot read IP mode file for STMicroelectronics.X-CUBE-GNSS1.7.0.0
2025-09-21 11:19:17,282 [WARN] PackLoader:240 - Cannot read IP mode file for STMicroelectronics.X-CUBE-GNSS1.7.0.1
2025-09-21 11:19:17,292 [WARN] PackLoader:240 - Cannot read IP mode file for STMicroelectronics.X-CUBE-BLEMGR.1.0.0
2025-09-21 11:19:17,294 [WARN] PackLoader:240 - Cannot read IP mode file for STMicroelectronics.X-CUBE-TOUCHGFX.4.25.0
2025-09-21 11:19:17,298 [WARN] PackLoader:240 - Cannot read IP mode file for STMicroelectronics.FP-SNS-STBOX1.2.0.0
2025-09-21 11:19:17,305 [WARN] ConditionMgr:438 - getConditionDescription Invalid condition id : Cortex-A Device cause : null
2025-09-21 11:19:17,310 [WARN] ConditionMgr:1044 - genDependencies : Invalid condition id : Cortex-A Device cause : null
2025-09-21 11:19:17,310 [WARN] ConditionMgr:1044 - genDependencies : Invalid condition id : Cortex-A Device cause : null
2025-09-21 11:19:17,310 [WARN] ConditionMgr:1044 - genDependencies : Invalid condition id : Cortex-A Device cause : null
2025-09-21 11:19:17,316 [WARN] PackLoader:240 - Cannot read IP mode file for STMicroelectronics.X-CUBE-AZRTOS-L5.1.1.0
2025-09-21 11:19:17,323 [WARN] PackLoader:240 - Cannot read IP mode file for STMicroelectronics.X-CUBE-AI.8.0.1
2025-09-21 11:19:17,333 [WARN] PackLoader:240 - Cannot read IP mode file for STMicroelectronics.X-CUBE-SUBG2.5.0.0
2025-09-21 11:19:17,347 [WARN] PackLoader:240 - Cannot read IP mode file for STMicroelectronics.X-CUBE-AZRTOS-H7RS.1.1.0
2025-09-21 11:19:17,352 [WARN] PackLoader:240 - Cannot read IP mode file for Cesanta.I-CUBE-Mongoose.7.13.0
2025-09-21 11:19:17,363 [WARN] PackLoader:240 - Cannot read IP mode file for STMicroelectronics.X-CUBE-AZRTOS-G4.2.0.0
2025-09-21 11:19:17,374 [WARN] PackLoader:240 - Cannot read IP mode file for STMicroelectronics.X-CUBE-TOF1.3.3.0
2025-09-21 11:19:17,381 [WARN] PackLoader:240 - Cannot read IP mode file for STMicroelectronics.FP-ATR-ASTRA1.1.1.1
2025-09-21 11:19:17,392 [WARN] PackLoader:240 - Cannot read IP mode file for Infineon.AIROC-Wi-Fi-Bluetooth-STM32.1.5.1
2025-09-21 11:19:17,400 [WARN] PackLoader:240 - Cannot read IP mode file for STMicroelectronics.FP-ATR-ASTRA1.1.1.0
2025-09-21 11:19:17,404 [WARN] PackLoader:240 - Cannot read IP mode file for wolfSSL.I-CUBE-wolfSSH.1.4.20
2025-09-21 11:19:17,405 [WARN] PackLoader:240 - Cannot read IP mode file for STMicroelectronics.X-CUBE-NFC7.2.0.0
2025-09-21 11:19:17,411 [WARN] PackLoader:240 - Cannot read IP mode file for STMicroelectronics.FP-SNS-MOTENVWB1.1.3.1
2025-09-21 11:19:17,417 [WARN] PackLoader:240 - Cannot read IP mode file for STMicroelectronics.X-CUBE-AZRTOS-G4.1.0.0
2025-09-21 11:19:17,434 [WARN] PackLoader:240 - Cannot read IP mode file for STMicroelectronics.X-CUBE-AZRTOS-L4.1.0.0
2025-09-21 11:19:17,441 [WARN] PackLoader:240 - Cannot read IP mode file for STMicroelectronics.X-CUBE-ISPU.2.0.0
2025-09-21 11:19:17,452 [WARN] PackLoader:240 - Cannot read IP mode file for STMicroelectronics.X-CUBE-IPS.3.1.0
2025-09-21 11:19:17,457 [WARN] PackLoader:240 - Cannot read IP mode file for STMicroelectronics.X-CUBE-ALS.1.0.2
2025-09-21 11:19:17,494 [WARN] PackLoader:240 - Cannot read IP mode file for STMicroelectronics.X-CUBE-MEMS1.10.0.0
2025-09-21 11:19:17,569 [WARN] PackLoader:240 - Cannot read IP mode file for STMicroelectronics.X-CUBE-FREERTOS.1.1.0
2025-09-21 11:19:17,569 [WARN] PackLoader:240 - Cannot read IP mode file for STMicroelectronics.X-CUBE-TOUCHGFX.4.24.0
2025-09-21 11:19:17,575 [WARN] PackLoader:240 - Cannot read IP mode file for STMicroelectronics.X-CUBE-AZRTOS-WL.1.0.0
2025-09-21 11:19:17,582 [WARN] PackLoader:240 - Cannot read IP mode file for STMicroelectronics.X-CUBE-TOUCHGFX.4.24.1
2025-09-21 11:19:17,587 [WARN] PackLoader:240 - Cannot read IP mode file for STMicroelectronics.X-CUBE-STSE01.1.0.0
2025-09-21 11:19:17,587 [WARN] PackLoader:240 - Cannot read IP mode file for wolfSSL.I-CUBE-wolfTPM.3.4.0
2025-09-21 11:19:17,593 [WARN] PackLoader:240 - Cannot read IP mode file for portGmbH.I-Cube-SoM-uGOAL.1.1.0
2025-09-21 11:19:17,599 [WARN] PackLoader:240 - Cannot read IP mode file for STMicroelectronics.X-CUBE-ALS.1.0.1
2025-09-21 11:19:17,604 [WARN] PackLoader:240 - Cannot read IP mode file for STMicroelectronics.X-CUBE-AZRTOS-WB.1.1.0
2025-09-21 11:19:17,622 [WARN] PackLoader:240 - Cannot read IP mode file for STMicroelectronics.X-CUBE-AZRTOS-L5.1.0.0
2025-09-21 11:19:17,628 [WARN] PackLoader:240 - Cannot read IP mode file for STMicroelectronics.X-CUBE-EEPRMA1.3.1.1
2025-09-21 11:19:17,640 [WARN] PackLoader:240 - Cannot read IP mode file for STMicroelectronics.X-CUBE-AZRTOS-H7RS.1.0.0
2025-09-21 11:19:17,645 [WARN] PackLoader:240 - Cannot read IP mode file for STMicroelectronics.FP-ATR-ASTRA1.2.0.0
2025-09-21 11:19:17,651 [WARN] PackLoader:240 - Cannot read IP mode file for STMicroelectronics.X-CUBE-TOF1.3.4.2
2025-09-21 11:19:17,663 [WARN] PackLoader:240 - Cannot read IP mode file for STMicroelectronics.X-CUBE-TOF1.3.4.3
2025-09-21 11:19:17,682 [WARN] PackLoader:240 - Cannot read IP mode file for STMicroelectronics.X-CUBE-TOF1.3.4.0
2025-09-21 11:19:17,699 [WARN] PackLoader:240 - Cannot read IP mode file for STMicroelectronics.X-CUBE-TOF1.3.4.1
2025-09-21 11:19:17,711 [WARN] PackLoader:240 - Cannot read IP mode file for STMicroelectronics.X-CUBE-AZRTOS-H7.3.2.0
2025-09-21 11:19:17,717 [WARN] PackLoader:240 - Cannot read IP mode file for wolfSSL.I-CUBE-wolfSSH.1.4.17
2025-09-21 11:19:17,721 [INFO] ThirdParty:978 - Integrity check success = true
2025-09-21 11:19:17,721 [INFO] IntegrityCheckThread:100 - exiting critical section [integrity check]
2025-09-21 11:19:17,721 [INFO] IntegrityCheckThread:103 - End integrity checks thread
2025-09-21 11:40:06,744 [ERROR] LogOutputStream:75 - [STDERR_REDIRECT] 
2025-09-21 16:11:57,361 [INFO] Activator:176 - 


2025-09-21 16:11:57,363 [INFO] Activator:177 - !SESSION log4j initialized
2025-09-21 16:12:03,693 [INFO] LogOutputStream:77 - [STDOUT_REDIRECT] 
2025-09-21 16:12:05,605 [INFO] ApplicationProperties:184 - Using Application install path: C:\ST\STM32CubeIDE_1.14.0\STM32CubeIDE\plugins\com.st.stm32cube.common.mx_6.15.0.202507011659
2025-09-21 16:12:05,643 [INFO] DbMcusXml:78 - Set database path to: C:\ST\STM32CubeIDE_1.14.0\STM32CubeIDE\plugins\com.st.stm32cube.common.mx_6.15.0.202507011659\\db\/mcu/
2025-09-21 16:12:05,643 [INFO] ApiDb:274 - Set plugin database path to: C:\ST\STM32CubeIDE_1.14.0\STM32CubeIDE\plugins\com.st.stm32cube.common.mx_6.15.0.202507011659\\db\/plugins/boardmanager/
2025-09-21 16:12:05,644 [WARN] ApiDb:259 - Overriding images path with different value:  => C:\ST\STM32CubeIDE_1.14.0\STM32CubeIDE\plugins\com.st.stm32cube.common.mx_6.15.0.202507011659\\db\/plugins/mcufinder/images/
2025-09-21 16:12:05,653 [INFO] ApiDb:250 - Set database path to: C:\Users\jihoo\.stmcufinder\plugins\mcufinder//mcu/
2025-09-21 16:12:05,655 [INFO] DbMcusAds:125 - Set database path to: C:\Users\jihoo\.stmcufinder\plugins\mcufinder//mcu/
2025-09-21 16:12:05,658 [INFO] CrossReferenceDbSqlite:203 - Set database path to: C:\Users\jihoo\.stmcufinder\plugins\mcufinder//mcu/cs/
2025-09-21 16:12:05,858 [INFO] RulesReader:64 - Compatibility file has been processed (317 Rules)
2025-09-21 16:12:05,934 [INFO] DbMcusXml:78 - Set database path to: C:\ST\STM32CubeIDE_1.14.0\STM32CubeIDE\plugins\com.st.stm32cube.common.mx_6.15.0.202507011659\\db\/mcu/
2025-09-21 16:12:05,934 [INFO] ApiDb:274 - Set plugin database path to: C:\ST\STM32CubeIDE_1.14.0\STM32CubeIDE\plugins\com.st.stm32cube.common.mx_6.15.0.202507011659\\db\/plugins/boardmanager/
2025-09-21 16:12:05,934 [INFO] ApiDb:261 - Set plugin images path to: C:\ST\STM32CubeIDE_1.14.0\STM32CubeIDE\plugins\com.st.stm32cube.common.mx_6.15.0.202507011659\\db\/plugins/mcufinder/images/
2025-09-21 16:12:05,935 [WARN] DbFile:41 - Overriding database path with different value: C:\Users\jihoo\.stmcufinder\plugins\mcufinder/ => C:\Users\jihoo\.stmcufinder\plugins\mcufinder
2025-09-21 16:12:05,935 [INFO] ApiDb:250 - Set database path to: C:\Users\jihoo\.stmcufinder\plugins\mcufinder//mcu/
2025-09-21 16:12:05,935 [WARN] DbFile:41 - Overriding database path with different value: C:\Users\jihoo\.stmcufinder\plugins\mcufinder/ => C:\Users\jihoo\.stmcufinder\plugins\mcufinder
2025-09-21 16:12:05,935 [INFO] DbMcusAds:125 - Set database path to: C:\Users\jihoo\.stmcufinder\plugins\mcufinder//mcu/
2025-09-21 16:12:05,935 [WARN] DbFile:41 - Overriding database path with different value: C:\Users\jihoo\.stmcufinder\plugins\mcufinder/ => C:\Users\jihoo\.stmcufinder\plugins\mcufinder
2025-09-21 16:12:05,935 [WARN] DbFile:41 - Overriding database path with different value: C:\Users\jihoo\.stmcufinder\plugins\mcufinder/ => C:\Users\jihoo\.stmcufinder\plugins\mcufinder
2025-09-21 16:12:05,935 [INFO] CrossReferenceDbSqlite:203 - Set database path to: C:\Users\jihoo\.stmcufinder\plugins\mcufinder//mcu/cs/
2025-09-21 16:12:06,021 [INFO] MainPanel:274 - HeapMemory: 517996544
2025-09-21 16:12:06,146 [INFO] DbMcusXml:78 - Set database path to: C:\ST\STM32CubeIDE_1.14.0\STM32CubeIDE\plugins\com.st.stm32cube.common.mx_6.15.0.202507011659\\db\/mcu/
2025-09-21 16:12:06,146 [INFO] ApiDb:274 - Set plugin database path to: C:\ST\STM32CubeIDE_1.14.0\STM32CubeIDE\plugins\com.st.stm32cube.common.mx_6.15.0.202507011659\\db\/plugins/boardmanager/
2025-09-21 16:12:06,146 [INFO] ApiDb:261 - Set plugin images path to: C:\ST\STM32CubeIDE_1.14.0\STM32CubeIDE\plugins\com.st.stm32cube.common.mx_6.15.0.202507011659\\db\/plugins/mcufinder/images/
2025-09-21 16:12:06,147 [WARN] DbFile:41 - Overriding database path with different value: C:\Users\jihoo\.stmcufinder\plugins\mcufinder/ => C:\Users\jihoo\.stmcufinder\plugins\mcufinder
2025-09-21 16:12:06,147 [INFO] ApiDb:250 - Set database path to: C:\Users\jihoo\.stmcufinder\plugins\mcufinder//mcu/
2025-09-21 16:12:06,147 [WARN] DbFile:41 - Overriding database path with different value: C:\Users\jihoo\.stmcufinder\plugins\mcufinder/ => C:\Users\jihoo\.stmcufinder\plugins\mcufinder
2025-09-21 16:12:06,147 [INFO] DbMcusAds:125 - Set database path to: C:\Users\jihoo\.stmcufinder\plugins\mcufinder//mcu/
2025-09-21 16:12:06,147 [WARN] DbFile:41 - Overriding database path with different value: C:\Users\jihoo\.stmcufinder\plugins\mcufinder/ => C:\Users\jihoo\.stmcufinder\plugins\mcufinder
2025-09-21 16:12:06,147 [WARN] DbFile:41 - Overriding database path with different value: C:\Users\jihoo\.stmcufinder\plugins\mcufinder/ => C:\Users\jihoo\.stmcufinder\plugins\mcufinder
2025-09-21 16:12:06,148 [INFO] CrossReferenceDbSqlite:203 - Set database path to: C:\Users\jihoo\.stmcufinder\plugins\mcufinder//mcu/cs/
2025-09-21 16:12:06,170 [INFO] ApplicationProperties:184 - Using Application install path: C:\ST\STM32CubeIDE_1.14.0\STM32CubeIDE\plugins\com.st.stm32cube.common.mx_6.15.0.202507011659
2025-09-21 16:12:06,172 [INFO] PluginManage:196 - Search for loadable plugins [exclusion list=, ]
2025-09-21 16:12:06,174 [INFO] PluginManage:310 - Check plugin analytics
2025-09-21 16:12:06,387 [INFO] AnalyticsPlugin:253 - Accepted Software Licenses: STM32CubeMX.6.6.1,STM32CubeMX.6.7.0,STM32CubeMX.6.10.0,STM32CubeMX.6.12.0,STM32CubeMX.6.13.0,STM32CubeMX.6.14.1,STM32CubeMX.6.15.0
2025-09-21 16:12:06,387 [INFO] AnalyticsPlugin:255 - Accepted CMSIS Pack Licenses: Oryx-Embedded.Middleware.2.5.2
2025-09-21 16:12:06,388 [INFO] AnalyticsPlugin:257 - Accepted Firmware Licenses: FW.H7.1.12.0,FW.F4.1.28.0
2025-09-21 16:12:06,391 [INFO] PluginManage:359 - Loaded plugin analytics (category:tool,tabindex:-1)
2025-09-21 16:12:06,391 [INFO] PluginManage:310 - Check plugin cadmodel
2025-09-21 16:12:06,395 [INFO] CADModel:105 - Init CAD model plugin
2025-09-21 16:12:06,396 [INFO] PluginManage:359 - Loaded plugin cadmodel (category:power,tabindex:5)
2025-09-21 16:12:06,396 [INFO] PluginManage:310 - Check plugin clock
2025-09-21 16:12:06,406 [INFO] PluginManage:359 - Loaded plugin clock (category:base,tabindex:2)
2025-09-21 16:12:06,407 [INFO] PluginManage:310 - Check plugin ddr
2025-09-21 16:12:06,409 [INFO] PluginManage:359 - Loaded plugin ddr (category:tool,tabindex:6)
2025-09-21 16:12:06,409 [INFO] PluginManage:310 - Check plugin filemanager
2025-09-21 16:12:06,590 [INFO] PluginManage:359 - Loaded plugin filemanager (category:base,tabindex:10)
2025-09-21 16:12:06,590 [INFO] PluginManage:310 - Check plugin ipmanager
2025-09-21 16:12:06,598 [INFO] PluginManage:359 - Loaded plugin ipmanager (category:base,tabindex:5)
2025-09-21 16:12:06,599 [INFO] PluginManage:310 - Check plugin lpbam
2025-09-21 16:12:06,611 [INFO] PluginManage:359 - Loaded plugin lpbam (category:base,tabindex:0)
2025-09-21 16:12:06,611 [INFO] PluginManage:310 - Check plugin memorymap
2025-09-21 16:12:06,625 [INFO] PluginManage:359 - Loaded plugin memorymap (category:base,tabindex:4)
2025-09-21 16:12:06,626 [INFO] PluginManage:310 - Check plugin pinoutandconfiguration
2025-09-21 16:12:06,635 [INFO] PluginManage:359 - Loaded plugin pinoutandconfiguration (category:base,tabindex:1)
2025-09-21 16:12:06,636 [INFO] PluginManage:310 - Check plugin pinoutconfig
2025-09-21 16:12:06,740 [WARN] SupportedApi:132 - Cannot load RTOS API schema: s4s-elt-must-match.1: The content of 'definitions' must match (annotation?, (simpleType | complexType)?, (unique | key | keyref)*)). A problem was found starting at: attribute.
2025-09-21 16:12:06,912 [INFO] PluginManage:359 - Loaded plugin pinoutconfig (category:base,tabindex:0)
2025-09-21 16:12:06,912 [INFO] PluginManage:310 - Check plugin power
2025-09-21 16:12:06,921 [INFO] PluginManage:359 - Loaded plugin power (category:power,tabindex:4)
2025-09-21 16:12:06,921 [INFO] PluginManage:310 - Check plugin projectmanager
2025-09-21 16:12:06,942 [INFO] PluginManage:359 - Loaded plugin projectmanager (category:projectmanager,tabindex:4)
2025-09-21 16:12:06,942 [INFO] PluginManage:310 - Check plugin rif
2025-09-21 16:12:06,953 [INFO] PluginManage:359 - Loaded plugin rif (category:base,tabindex:3)
2025-09-21 16:12:06,953 [INFO] PluginManage:310 - Check plugin thirdparty
2025-09-21 16:12:07,125 [INFO] PluginManage:359 - Loaded plugin thirdparty (category:base,tabindex:-1)
2025-09-21 16:12:07,125 [INFO] PluginManage:310 - Check plugin tools
2025-09-21 16:12:07,125 [WARN] IntegrityCheckThread:84 - waiting for thirdparty lock release [integrity check]
2025-09-21 16:12:07,125 [INFO] IntegrityCheckThread:86 - entering critical section [integrity check]
2025-09-21 16:12:07,126 [INFO] ThirdPartyUpdaterWithRetryManager:70 - Updater plugin not ready yet. [1/15]
2025-09-21 16:12:07,128 [INFO] PluginManage:359 - Loaded plugin tools (category:base,tabindex:7)
2025-09-21 16:12:07,128 [INFO] PluginManage:310 - Check plugin tutovideos
2025-09-21 16:12:07,378 [INFO] PluginManage:359 - Loaded plugin tutovideos (category:base,tabindex:-1)
2025-09-21 16:12:07,379 [INFO] PluginManage:310 - Check plugin updater
2025-09-21 16:12:07,413 [INFO] PluginManage:359 - Loaded plugin updater (category:base,tabindex:12)
2025-09-21 16:12:07,414 [INFO] PluginManage:310 - Check plugin userauth
2025-09-21 16:12:07,419 [INFO] UserAuth:118 - Init User Auth plugin
2025-09-21 16:12:07,420 [INFO] PluginManage:359 - Loaded plugin userauth (category:base,tabindex:14)
2025-09-21 16:12:07,420 [INFO] PluginManage:283 - PluginManage : Loaded plugins [18]
2025-09-21 16:12:07,669 [INFO] PinOutPanel:1589 - setPackage(No Configuration,No Configuration)
2025-09-21 16:12:07,768 [INFO] CADModel:165 - CPN selected for project level
2025-09-21 16:12:07,769 [INFO] CADModel:114 - Register for checkConnection events
2025-09-21 16:12:07,802 [INFO] IPUIPlugin:80 - create IPUIPlugin
2025-09-21 16:12:07,802 [INFO] PluginManager:220 - loadIPPluginJar : add adc
2025-09-21 16:12:07,806 [INFO] IPUIPlugin:80 - create IPUIPlugin
2025-09-21 16:12:07,806 [INFO] PluginManager:220 - loadIPPluginJar : add aes
2025-09-21 16:12:07,811 [INFO] IPUIPlugin:80 - create IPUIPlugin
2025-09-21 16:12:07,811 [INFO] PluginManager:220 - loadIPPluginJar : add can
2025-09-21 16:12:07,814 [INFO] IPUIPlugin:80 - create IPUIPlugin
2025-09-21 16:12:07,814 [INFO] PluginManager:220 - loadIPPluginJar : add comp
2025-09-21 16:12:07,816 [INFO] IPUIPlugin:80 - create IPUIPlugin
2025-09-21 16:12:07,816 [INFO] PluginManager:220 - loadIPPluginJar : add cryp
2025-09-21 16:12:07,819 [INFO] IPUIPlugin:80 - create IPUIPlugin
2025-09-21 16:12:07,819 [INFO] PluginManager:220 - loadIPPluginJar : add ddr_ctrl_phy
2025-09-21 16:12:07,822 [INFO] IPUIPlugin:80 - create IPUIPlugin
2025-09-21 16:12:07,822 [INFO] PluginManager:220 - loadIPPluginJar : add dfsdm
2025-09-21 16:12:07,828 [INFO] IPUIPlugin:80 - create IPUIPlugin
2025-09-21 16:12:07,828 [INFO] PluginManager:220 - loadIPPluginJar : add dma
2025-09-21 16:12:07,832 [INFO] IPUIPlugin:80 - create IPUIPlugin
2025-09-21 16:12:07,832 [INFO] PluginManager:220 - loadIPPluginJar : add dma3
2025-09-21 16:12:07,836 [INFO] IPUIPlugin:80 - create IPUIPlugin
2025-09-21 16:12:07,837 [INFO] PluginManager:220 - loadIPPluginJar : add extmemmanager
2025-09-21 16:12:07,839 [INFO] IPUIPlugin:80 - create IPUIPlugin
2025-09-21 16:12:07,839 [INFO] PluginManager:220 - loadIPPluginJar : add fatfs
2025-09-21 16:12:07,844 [INFO] IPUIPlugin:80 - create IPUIPlugin
2025-09-21 16:12:07,844 [INFO] PluginManager:220 - loadIPPluginJar : add fmc
2025-09-21 16:12:07,849 [INFO] IPUIPlugin:80 - create IPUIPlugin
2025-09-21 16:12:07,849 [INFO] PluginManager:220 - loadIPPluginJar : add freertos
2025-09-21 16:12:07,851 [INFO] IPUIPlugin:80 - create IPUIPlugin
2025-09-21 16:12:07,851 [INFO] PluginManager:220 - loadIPPluginJar : add genericplugin
2025-09-21 16:12:07,853 [INFO] IPUIPlugin:80 - create IPUIPlugin
2025-09-21 16:12:07,853 [INFO] PluginManager:220 - loadIPPluginJar : add gfxmmu
2025-09-21 16:12:07,860 [INFO] IPUIPlugin:80 - create IPUIPlugin
2025-09-21 16:12:07,860 [INFO] PluginManager:220 - loadIPPluginJar : add gic
2025-09-21 16:12:07,865 [INFO] IPUIPlugin:80 - create IPUIPlugin
2025-09-21 16:12:07,866 [INFO] PluginManager:220 - loadIPPluginJar : add gpio
2025-09-21 16:12:07,869 [INFO] IPUIPlugin:80 - create IPUIPlugin
2025-09-21 16:12:07,869 [INFO] PluginManager:220 - loadIPPluginJar : add gtzc
2025-09-21 16:12:07,873 [INFO] IPUIPlugin:80 - create IPUIPlugin
2025-09-21 16:12:07,873 [INFO] PluginManager:220 - loadIPPluginJar : add hash
2025-09-21 16:12:07,876 [INFO] IPUIPlugin:80 - create IPUIPlugin
2025-09-21 16:12:07,876 [INFO] PluginManager:220 - loadIPPluginJar : add i2c
2025-09-21 16:12:07,879 [INFO] IPUIPlugin:80 - create IPUIPlugin
2025-09-21 16:12:07,879 [INFO] PluginManager:220 - loadIPPluginJar : add i2s
2025-09-21 16:12:07,881 [INFO] IPUIPlugin:80 - create IPUIPlugin
2025-09-21 16:12:07,882 [INFO] PluginManager:220 - loadIPPluginJar : add i3c
2025-09-21 16:12:07,885 [INFO] IPUIPlugin:80 - create IPUIPlugin
2025-09-21 16:12:07,886 [INFO] PluginManager:220 - loadIPPluginJar : add ipddr
2025-09-21 16:12:07,892 [INFO] IPUIPlugin:80 - create IPUIPlugin
2025-09-21 16:12:07,892 [INFO] PluginManager:220 - loadIPPluginJar : add linkedlist
2025-09-21 16:12:07,896 [INFO] IPUIPlugin:80 - create IPUIPlugin
2025-09-21 16:12:07,896 [INFO] PluginManager:220 - loadIPPluginJar : add lorawan
2025-09-21 16:12:07,897 [INFO] IPUIPlugin:80 - create IPUIPlugin
2025-09-21 16:12:07,897 [INFO] PluginManager:220 - loadIPPluginJar : add ltdc
2025-09-21 16:12:07,903 [INFO] IPUIPlugin:80 - create IPUIPlugin
2025-09-21 16:12:07,903 [INFO] PluginManager:220 - loadIPPluginJar : add mdma
2025-09-21 16:12:07,907 [INFO] IPUIPlugin:80 - create IPUIPlugin
2025-09-21 16:12:07,907 [INFO] PluginManager:220 - loadIPPluginJar : add nvic
2025-09-21 16:12:07,911 [INFO] IPUIPlugin:80 - create IPUIPlugin
2025-09-21 16:12:07,911 [INFO] PluginManager:220 - loadIPPluginJar : add opamp
2025-09-21 16:12:07,914 [INFO] IPUIPlugin:80 - create IPUIPlugin
2025-09-21 16:12:07,914 [INFO] PluginManager:220 - loadIPPluginJar : add openamp
2025-09-21 16:12:07,917 [INFO] IPUIPlugin:80 - create IPUIPlugin
2025-09-21 16:12:07,917 [INFO] PluginManager:220 - loadIPPluginJar : add pdm2pcm
2025-09-21 16:12:07,923 [INFO] IPUIPlugin:80 - create IPUIPlugin
2025-09-21 16:12:07,928 [INFO] PluginManager:220 - loadIPPluginJar : add plateformsettings
2025-09-21 16:12:07,929 [INFO] IPUIPlugin:80 - create IPUIPlugin
2025-09-21 16:12:07,930 [INFO] PluginManager:220 - loadIPPluginJar : add quadspi
2025-09-21 16:12:07,932 [INFO] IPUIPlugin:80 - create IPUIPlugin
2025-09-21 16:12:07,933 [INFO] PluginManager:220 - loadIPPluginJar : add radio
2025-09-21 16:12:07,937 [INFO] IPUIPlugin:80 - create IPUIPlugin
2025-09-21 16:12:07,938 [INFO] PluginManager:220 - loadIPPluginJar : add resmgrutility
2025-09-21 16:12:07,941 [INFO] IPUIPlugin:80 - create IPUIPlugin
2025-09-21 16:12:07,942 [INFO] PluginManager:220 - loadIPPluginJar : add sai
2025-09-21 16:12:07,946 [INFO] IPUIPlugin:80 - create IPUIPlugin
2025-09-21 16:12:07,946 [INFO] PluginManager:220 - loadIPPluginJar : add spi
2025-09-21 16:12:07,954 [INFO] IPUIPlugin:80 - create IPUIPlugin
2025-09-21 16:12:07,954 [INFO] PluginManager:220 - loadIPPluginJar : add stm32_wpan
2025-09-21 16:12:07,956 [INFO] IPUIPlugin:80 - create IPUIPlugin
2025-09-21 16:12:07,956 [INFO] PluginManager:220 - loadIPPluginJar : add tim
2025-09-21 16:12:07,959 [INFO] IPUIPlugin:80 - create IPUIPlugin
2025-09-21 16:12:07,959 [INFO] PluginManager:220 - loadIPPluginJar : add touchsensing
2025-09-21 16:12:07,962 [INFO] IPUIPlugin:80 - create IPUIPlugin
2025-09-21 16:12:07,963 [INFO] PluginManager:220 - loadIPPluginJar : add tracer_emb
2025-09-21 16:12:07,965 [INFO] IPUIPlugin:80 - create IPUIPlugin
2025-09-21 16:12:07,965 [INFO] PluginManager:220 - loadIPPluginJar : add ts
2025-09-21 16:12:07,967 [INFO] IPUIPlugin:80 - create IPUIPlugin
2025-09-21 16:12:07,967 [INFO] PluginManager:220 - loadIPPluginJar : add tsc
2025-09-21 16:12:07,969 [INFO] IPUIPlugin:80 - create IPUIPlugin
2025-09-21 16:12:07,969 [INFO] PluginManager:220 - loadIPPluginJar : add ucpd
2025-09-21 16:12:07,972 [INFO] IPUIPlugin:80 - create IPUIPlugin
2025-09-21 16:12:07,972 [INFO] PluginManager:220 - loadIPPluginJar : add usart
2025-09-21 16:12:07,974 [INFO] IPUIPlugin:80 - create IPUIPlugin
2025-09-21 16:12:07,975 [INFO] PluginManager:220 - loadIPPluginJar : add usbx
2025-09-21 16:12:08,115 [FATAL] Updater:351 - Updater called before beeing initialized
2025-09-21 16:12:08,158 [INFO] RulesReader:64 - Compatibility file has been processed (317 Rules)
2025-09-21 16:12:08,180 [INFO] RulesReader:64 - Compatibility file has been processed (317 Rules)
2025-09-21 16:12:08,189 [INFO] CADModel:165 - CPN selected for project level
2025-09-21 16:12:08,189 [INFO] CADModel:114 - Register for checkConnection events
2025-09-21 16:12:08,189 [FATAL] Updater:351 - Updater called before beeing initialized
2025-09-21 16:12:08,189 [ERROR] CADModel:125 - Updater not yet initialized, retry later 
2025-09-21 16:12:08,421 [FATAL] Updater:351 - Updater called before beeing initialized
2025-09-21 16:12:08,423 [INFO] CADModel:165 - CPN selected for project level
2025-09-21 16:12:08,423 [INFO] CADModel:114 - Register for checkConnection events
2025-09-21 16:12:08,423 [FATAL] Updater:351 - Updater called before beeing initialized
2025-09-21 16:12:08,423 [ERROR] CADModel:125 - Updater not yet initialized, retry later 
2025-09-21 16:12:08,427 [FATAL] Updater:351 - Updater called before beeing initialized
2025-09-21 16:12:08,563 [FATAL] Updater:351 - Updater called before beeing initialized
2025-09-21 16:12:08,568 [INFO] DbMcusAds:53 - JSON generation date=Tue Jul 08 17:14:27 KST 2025 (1751962467633)
2025-09-21 16:12:08,568 [FATAL] Updater:351 - Updater called before beeing initialized
2025-09-21 16:12:08,610 [WARN] DetailPanel:346 - Failed to get advertising image, set to default
2025-09-21 16:12:08,715 [FATAL] Updater:351 - Updater called before beeing initialized
2025-09-21 16:12:08,719 [FATAL] Updater:351 - Updater called before beeing initialized
2025-09-21 16:12:08,719 [FATAL] Updater:351 - Updater called before beeing initialized
2025-09-21 16:12:08,719 [WARN] DetailPanel:346 - Failed to get advertising image, set to default
2025-09-21 16:12:08,720 [FATAL] Updater:351 - Updater called before beeing initialized
2025-09-21 16:12:08,768 [ERROR] Updater:1198 - MainUpdater not yet initialized. External WinMGr cannot be set.
2025-09-21 16:12:08,770 [INFO] Updater:1134 - Updater Version found : 6.15.0
2025-09-21 16:12:08,786 [INFO] ApplicationProperties:184 - Using Application install path: C:\ST\STM32CubeIDE_1.14.0\STM32CubeIDE\plugins\com.st.stm32cube.common.mx_6.15.0.202507011659
2025-09-21 16:12:09,440 [INFO] MainUpdater:2872 - connection check result : 10
2025-09-21 16:12:09,441 [INFO] MainUpdater:289 - Updater Check For Update Now.
2025-09-21 16:12:09,441 [INFO] MicroXplorer:498 - Change Database Version : DB.6.0.150
2025-09-21 16:12:09,449 [INFO] McuFinderGlobals:63 - Set McuFinder mode to 2 (CubeIDE integrated)
2025-09-21 16:12:09,450 [INFO] UserAuth:487 - Internet connection configuration mode: 1
2025-09-21 16:12:09,466 [INFO] JxBrowserEngine:152 - Initiate JxBrowser Engine with user profile folder
2025-09-21 16:12:09,640 [INFO] CheckServerUpdateThread:120 - End of CheckServer Thread
2025-09-21 16:12:10,491 [WARN] PackLoader:240 - Cannot read IP mode file for STMicroelectronics.FP-SNS-MOTENVWB1.1.4.0
2025-09-21 16:12:10,491 [INFO] WebApp:169 - Instantiating new browser for Auth
2025-09-21 16:12:10,500 [WARN] PackLoader:240 - Cannot read IP mode file for STMicroelectronics.FP-ATR-ASTRA1.2.0.2
2025-09-21 16:12:10,505 [WARN] PackLoader:240 - Cannot read IP mode file for STMicroelectronics.FP-ATR-ASTRA1.2.0.1
2025-09-21 16:12:10,515 [WARN] PackLoader:240 - Cannot read IP mode file for STMicroelectronics.X-CUBE-SMBUS.2.1.0
2025-09-21 16:12:10,529 [WARN] PackLoader:240 - Cannot read IP mode file for STMicroelectronics.X-CUBE-WB05N.1.1.0
2025-09-21 16:12:10,546 [WARN] PackLoader:240 - Cannot read IP mode file for STMicroelectronics.X-CUBE-ST60.1.0.0
2025-09-21 16:12:10,554 [WARN] PackLoader:240 - Cannot read IP mode file for STMicroelectronics.X-CUBE-TOUCHGFX.4.23.0
2025-09-21 16:12:10,592 [WARN] PackLoader:240 - Cannot read IP mode file for STMicroelectronics.X-CUBE-AZRTOS-F7.1.1.0
2025-09-21 16:12:10,604 [WARN] PackLoader:240 - Cannot read IP mode file for STMicroelectronics.FP-SNS-MOTENV1.4.3.2
2025-09-21 16:12:10,610 [ERROR] RealEvaluatedCondition:428 - Found unsupported composite condition: GROUP='STM32_MetaDataManager' CLASS='Data Exchange'
2025-09-21 16:12:10,610 [ERROR] RealEvaluatedCondition:428 - Found unsupported composite condition: GROUP='STM32_MetaDataManager' CLASS='Data Exchange'
2025-09-21 16:12:10,611 [WARN] PackLoader:240 - Cannot read IP mode file for STMicroelectronics.FP-SNS-MOTENV1.4.3.1
2025-09-21 16:12:10,618 [WARN] PackLoader:240 - Cannot read IP mode file for STMicroelectronics.FP-SNS-FLIGHT1.5.0.1
2025-09-21 16:12:10,623 [WARN] PackLoader:240 - Cannot read IP mode file for STMicroelectronics.X-CUBE-BLE1.6.2.3
2025-09-21 16:12:10,681 [WARN] PackLoader:240 - Cannot read IP mode file for STMicroelectronics.X-CUBE-MEMS1.11.0.0
2025-09-21 16:12:10,836 [WARN] PackLoader:240 - Cannot read IP mode file for STMicroelectronics.X-CUBE-BLE1.6.2.4
2025-09-21 16:12:10,847 [WARN] PackLoader:240 - Cannot read IP mode file for WES.I-CUBE-Cesium.1.4.0
2025-09-21 16:12:10,851 [WARN] PackLoader:240 - Cannot read IP mode file for STMicroelectronics.FP-SNS-FLIGHT1.5.0.2
2025-09-21 16:12:10,884 [WARN] PackLoader:240 - Cannot read IP mode file for Infineon.AIROC-Wi-Fi-Bluetooth-STM32.1.7.1
2025-09-21 16:12:10,903 [WARN] PackLoader:240 - Cannot read IP mode file for STMicroelectronics.X-CUBE-TOF1.3.1.0
2025-09-21 16:12:10,939 [WARN] PackLoader:240 - Cannot read IP mode file for STMicroelectronics.X-CUBE-AZRTOS-H7.3.4.0
2025-09-21 16:12:10,951 [WARN] PackLoader:240 - Cannot read IP mode file for STMicroelectronics.X-CUBE-DISPLAY.3.0.0
2025-09-21 16:12:10,961 [WARN] PackLoader:240 - Cannot read IP mode file for STMicroelectronics.X-CUBE-BLE1.7.0.0
2025-09-21 16:12:10,969 [WARN] PackLoader:240 - Cannot read IP mode file for STMicroelectronics.X-CUBE-NFC10.1.0.0
2025-09-21 16:12:10,984 [WARN] PackLoader:240 - Cannot read IP mode file for STMicroelectronics.X-CUBE-BLEMGR.4.0.0
2025-09-21 16:12:10,993 [WARN] PackLoader:240 - Cannot read IP mode file for emotas.I-CUBE-CANOPEN.1.3.0
2025-09-21 16:12:11,057 [WARN] PackLoader:240 - Cannot read IP mode file for STMicroelectronics.X-CUBE-MEMS1.9.3.0
2025-09-21 16:12:11,176 [WARN] PackLoader:240 - Cannot read IP mode file for STMicroelectronics.X-CUBE-AI.7.2.0
2025-09-21 16:12:11,186 [WARN] PackLoader:240 - Cannot read IP mode file for STMicroelectronics.X-CUBE-BLEMGR.3.1.0
2025-09-21 16:12:11,192 [WARN] PackLoader:240 - Cannot read IP mode file for STMicroelectronics.X-CUBE-AI.10.0.0
2025-09-21 16:12:11,202 [WARN] PackLoader:240 - Cannot read IP mode file for STMicroelectronics.FP-SNS-STBOX1.2.1.0
2025-09-21 16:12:11,208 [WARN] PackLoader:240 - Cannot read IP mode file for STMicroelectronics.FP-SNS-SMARTAG2.1.2.0
2025-09-21 16:12:11,213 [WARN] PackLoader:240 - Cannot read IP mode file for STMicroelectronics.FP-SNS-FLIGHT1.5.1.0
2025-09-21 16:12:11,222 [INFO] LogOutputStream:77 - [STDOUT_REDIRECT] 1 : Invalid condition id : UX_CORESTACK_Condition cause : null
2025-09-21 16:12:11,223 [INFO] LogOutputStream:77 - [STDOUT_REDIRECT] 1 : Invalid condition id : UX_CORESTACK_Condition cause : null
2025-09-21 16:12:11,224 [INFO] LogOutputStream:77 - [STDOUT_REDIRECT] 1 : Invalid condition id : UX_CORESTACK_Condition cause : null
2025-09-21 16:12:11,226 [INFO] LogOutputStream:77 - [STDOUT_REDIRECT] 1 : Invalid condition id : UX_CORESTACK_Condition cause : null
2025-09-21 16:12:11,228 [INFO] LogOutputStream:77 - [STDOUT_REDIRECT] 1 : Invalid condition id : UX_CORESTACK_Condition cause : null
2025-09-21 16:12:11,230 [WARN] PackLoader:240 - Cannot read IP mode file for STMicroelectronics.X-CUBE-AZRTOS-WL.2.0.0
2025-09-21 16:12:11,235 [WARN] PackLoader:240 - Cannot read IP mode file for STMicroelectronics.FP-SNS-MOTENV1.5.0.0
2025-09-21 16:12:11,240 [WARN] PackLoader:240 - Cannot read IP mode file for wolfSSL.I-CUBE-wolfMQTT.1.19.0
2025-09-21 16:12:11,245 [WARN] PackLoader:240 - Cannot read IP mode file for WES.I-CUBE-Cesium.1.3.0
2025-09-21 16:12:11,249 [WARN] PackLoader:240 - Cannot read IP mode file for STMicroelectronics.X-CUBE-BLE2.3.3.0
2025-09-21 16:12:11,254 [WARN] PackLoader:240 - Cannot read IP mode file for STMicroelectronics.X-CUBE-DISPLAY.2.2.0
2025-09-21 16:12:11,265 [WARN] PackLoader:240 - Cannot read IP mode file for STMicroelectronics.X-CUBE-TOF1.3.2.0
2025-09-21 16:12:11,275 [WARN] PackLoader:240 - Cannot read IP mode file for STMicroelectronics.X-CUBE-ISPU.1.0.0
2025-09-21 16:12:11,314 [WARN] ConditionMgr:438 - getConditionDescription Invalid condition id : Dummy Dependencies cause : null
2025-09-21 16:12:11,537 [WARN] ConditionMgr:1044 - genDependencies : Invalid condition id : Dummy Dependencies cause : null
2025-09-21 16:12:11,543 [WARN] ConditionMgr:1044 - genDependencies : Invalid condition id : Dummy Dependencies cause : null
2025-09-21 16:12:11,544 [WARN] ConditionMgr:1044 - genDependencies : Invalid condition id : Dummy Dependencies cause : null
2025-09-21 16:12:11,551 [INFO] WebApp:463 - Apply proxy settings
2025-09-21 16:12:11,551 [INFO] WebApp:548 - Chromium requires no authentication
2025-09-21 16:12:11,557 [WARN] ConditionMgr:438 - getConditionDescription Invalid condition id : Dummy Dependencies cause : null
2025-09-21 16:12:11,561 [INFO] WebApp:491 - Direct internet connection detected
2025-09-21 16:12:11,591 [INFO] WebApp:900 - Register for checkConnection events
2025-09-21 16:12:11,591 [INFO] WebApp:463 - Apply proxy settings
2025-09-21 16:12:11,591 [INFO] WebApp:548 - Chromium requires no authentication
2025-09-21 16:12:11,592 [INFO] WebApp:491 - Direct internet connection detected
2025-09-21 16:12:11,659 [WARN] PackLoader:240 - Cannot read IP mode file for STMicroelectronics.X-CUBE-NFC9.1.0.0
2025-09-21 16:12:11,675 [WARN] PackLoader:240 - Cannot read IP mode file for STMicroelectronics.X-CUBE-AZRTOS-H7.2.1.0
2025-09-21 16:12:11,679 [WARN] PackLoader:240 - Cannot read IP mode file for wolfSSL.I-CUBE-wolfSSL.5.8.2
2025-09-21 16:12:11,682 [WARN] PackLoader:240 - Cannot read IP mode file for STMicroelectronics.X-CUBE-BLE1.7.1.0
2025-09-21 16:12:11,685 [WARN] PackLoader:240 - Cannot read IP mode file for wolfSSL.I-CUBE-wolfMQTT.1.19.2
2025-09-21 16:12:11,690 [WARN] PackLoader:240 - Cannot read IP mode file for STMicroelectronics.X-CUBE-TCPP.4.1.0
2025-09-21 16:12:11,695 [WARN] PackLoader:240 - Cannot read IP mode file for STMicroelectronics.X-CUBE-EEPRMA1.5.2.0
2025-09-21 16:12:11,699 [WARN] PackLoader:240 - Cannot read IP mode file for STMicroelectronics.X-CUBE-TOUCHGFX.4.21.1
2025-09-21 16:12:11,701 [WARN] PackLoader:240 - Cannot read IP mode file for STMicroelectronics.X-CUBE-TOUCHGFX.4.21.0
2025-09-21 16:12:11,704 [WARN] PackLoader:240 - Cannot read IP mode file for STMicroelectronics.X-CUBE-TOUCHGFX.4.21.4
2025-09-21 16:12:11,732 [WARN] PackLoader:240 - Cannot read IP mode file for STMicroelectronics.X-CUBE-MEMS1.9.4.0
2025-09-21 16:12:11,780 [INFO] WebApp:225 - Starting web application
2025-09-21 16:12:11,780 [INFO] WebApp:593 - Web application path used C:\ST\STM32CubeIDE_1.14.0\STM32CubeIDE\plugins\com.st.stm32cube.common.mx_6.15.0.202507011659\db\plugins\mcufinder\reactClient1\index.html
2025-09-21 16:12:11,805 [WARN] PackLoader:240 - Cannot read IP mode file for STMicroelectronics.X-CUBE-AI.7.3.0
2025-09-21 16:12:11,807 [WARN] PackLoader:240 - Cannot read IP mode file for STMicroelectronics.X-CUBE-AI.10.1.0
2025-09-21 16:12:11,812 [WARN] PackLoader:240 - Cannot read IP mode file for STMicroelectronics.X-CUBE-ALGOBUILD.1.3.0
2025-09-21 16:12:11,862 [WARN] PackLoader:240 - Cannot read IP mode file for STMicroelectronics.X-CUBE-MEMS1.11.2.0
2025-09-21 16:12:11,882 [INFO] UserAuth:487 - Internet connection configuration mode: 1
2025-09-21 16:12:11,979 [INFO] WebApp:191 - Connection restablished
2025-09-21 16:12:12,029 [WARN] PackLoader:240 - Cannot read IP mode file for STMicroelectronics.X-CUBE-AZRTOS-G0.1.1.0
2025-09-21 16:12:12,036 [WARN] PackLoader:240 - Cannot read IP mode file for STMicroelectronics.X-CUBE-SAFEA1.1.2.2
2025-09-21 16:12:12,043 [WARN] PackLoader:240 - Cannot read IP mode file for STMicroelectronics.X-CUBE-NFC4.3.0.0
2025-09-21 16:12:12,096 [WARN] PackLoader:240 - Cannot read IP mode file for SEGGER.I-CUBE-embOS.1.2.0
2025-09-21 16:12:12,142 [WARN] PackLoader:240 - Cannot read IP mode file for EmbeddedOffice.I-CUBE-FS-RTOS.1.0.1
2025-09-21 16:12:12,148 [WARN] PackLoader:240 - Cannot read IP mode file for STMicroelectronics.X-CUBE-WB05N.2.0.0
2025-09-21 16:12:12,159 [WARN] PackLoader:240 - Cannot read IP mode file for STMicroelectronics.X-CUBE-BLEMGR.3.0.0
2025-09-21 16:12:12,164 [WARN] PackLoader:240 - Cannot read IP mode file for wolfSSL.I-CUBE-wolfTPM.3.8.0
2025-09-21 16:12:12,170 [WARN] PackLoader:240 - Cannot read IP mode file for STMicroelectronics.X-CUBE-BLEMGR.1.3.0
2025-09-21 16:12:12,177 [WARN] PackLoader:240 - Cannot read IP mode file for STMicroelectronics.X-CUBE-TCPP.4.2.0
2025-09-21 16:12:12,184 [WARN] PackLoader:240 - Cannot read IP mode file for RealThread.X-CUBE-RT-Thread_Nano.4.1.1
2025-09-21 16:12:12,201 [WARN] PackLoader:240 - Cannot read IP mode file for STMicroelectronics.FP-ATR-SIGFOX1.3.2.0
2025-09-21 16:12:12,208 [WARN] ConditionMgr:438 - getConditionDescription Invalid condition id : Cortex-A Device cause : null
2025-09-21 16:12:12,216 [WARN] ConditionMgr:1044 - genDependencies : Invalid condition id : Cortex-A Device cause : null
2025-09-21 16:12:12,216 [WARN] ConditionMgr:1044 - genDependencies : Invalid condition id : Cortex-A Device cause : null
2025-09-21 16:12:12,216 [WARN] ConditionMgr:1044 - genDependencies : Invalid condition id : Cortex-A Device cause : null
2025-09-21 16:12:12,221 [WARN] PackLoader:240 - Cannot read IP mode file for STMicroelectronics.X-CUBE-EEPRMA1.5.1.0
2025-09-21 16:12:12,228 [WARN] PackLoader:240 - Cannot read IP mode file for emotas.I-CUBE-CANOPEN.1.1.2
2025-09-21 16:12:12,232 [WARN] PackLoader:240 - Cannot read IP mode file for STMicroelectronics.X-CUBE-TOUCHGFX.4.20.0
2025-09-21 16:12:12,239 [WARN] PackLoader:240 - Cannot read IP mode file for ITTIA_DB.I-CUBE-ITTIADB.8.9.0
2025-09-21 16:12:12,246 [WARN] PackLoader:240 - Cannot read IP mode file for STMicroelectronics.X-CUBE-ST67W61.1.0.0
2025-09-21 16:12:12,251 [WARN] PackLoader:240 - Cannot read IP mode file for STMicroelectronics.X-CUBE-AI.10.2.0
2025-09-21 16:12:12,277 [WARN] PackLoader:240 - Cannot read IP mode file for SEGGER.I-CUBE-embOS.1.3.1
2025-09-21 16:12:12,307 [WARN] PackLoader:240 - Cannot read IP mode file for STMicroelectronics.X-CUBE-ALGOBUILD.1.4.0
2025-09-21 16:12:12,350 [WARN] PackLoader:240 - Cannot read IP mode file for STMicroelectronics.X-CUBE-MEMS1.11.3.0
2025-09-21 16:12:12,429 [WARN] PackLoader:240 - Cannot read IP mode file for STMicroelectronics.X-CUBE-AI.9.1.0
2025-09-21 16:12:12,432 [WARN] PackLoader:240 - Cannot read IP mode file for STMicroelectronics.X-CUBE-PM33A1.1.0.0
2025-09-21 16:12:12,437 [WARN] PackLoader:240 - Cannot read IP mode file for STMicroelectronics.X-CUBE-GNSS1.6.0.0
2025-09-21 16:12:12,455 [WARN] PackLoader:240 - Cannot read IP mode file for STMicroelectronics.X-CUBE-AZRTOS-F4.1.1.0
2025-09-21 16:12:12,464 [WARN] PackLoader:240 - Cannot read IP mode file for Avnet-IotConnect.X-CUBE-IoTC-DA16k-PMOD.1.0.0
2025-09-21 16:12:12,469 [WARN] PackLoader:240 - Cannot read IP mode file for STMicroelectronics.X-CUBE-ISPU.2.1.0
2025-09-21 16:12:12,476 [WARN] PackLoader:240 - Cannot read IP mode file for STMicroelectronics.X-CUBE-FREERTOS.1.2.0
2025-09-21 16:12:12,481 [WARN] PackLoader:240 - Cannot read IP mode file for wolfSSL.I-CUBE-wolfSSL.5.6.6
2025-09-21 16:12:12,489 [WARN] PackLoader:240 - Cannot read IP mode file for STMicroelectronics.X-CUBE-NFC12.1.0.0
2025-09-21 16:12:12,509 [WARN] PackLoader:240 - Cannot read IP mode file for STMicroelectronics.X-CUBE-AZRTOS-L5.2.0.0
2025-09-21 16:12:12,555 [WARN] PackLoader:240 - Cannot read IP mode file for STMicroelectronics.X-CUBE-MEMS1.9.6.0
2025-09-21 16:12:12,661 [WARN] PackLoader:240 - Cannot read IP mode file for STMicroelectronics.X-CUBE-EEPRMA1.4.2.0
2025-09-21 16:12:12,666 [WARN] PackLoader:240 - Cannot read IP mode file for STMicroelectronics.X-CUBE-NFC6.3.1.0
2025-09-21 16:12:12,670 [WARN] PackLoader:240 - Cannot read IP mode file for ITTIA_DB.I-CUBE-ITTIADB.8.8.0
2025-09-21 16:12:12,675 [WARN] PackLoader:240 - Cannot read IP mode file for STMicroelectronics.X-CUBE-BLEMGR.2.0.0
2025-09-21 16:12:12,681 [WARN] PackLoader:240 - Cannot read IP mode file for STMicroelectronics.X-CUBE-DPower.1.2.0
2025-09-21 16:12:12,685 [WARN] PackLoader:240 - Cannot read IP mode file for STMicroelectronics.X-CUBE-NFC4.2.0.5
2025-09-21 16:12:12,690 [WARN] PackLoader:240 - Cannot read IP mode file for STMicroelectronics.X-CUBE-NFC4.2.0.4
2025-09-21 16:12:12,693 [WARN] PackLoader:240 - Cannot read IP mode file for STMicroelectronics.X-CUBE-AI.9.0.0
2025-09-21 16:12:12,705 [WARN] ConditionMgr:438 - getConditionDescription Invalid condition id : UX DEVICE CLASS RTOS Condition cause : null
2025-09-21 16:12:12,705 [WARN] ConditionMgr:438 - getConditionDescription Invalid condition id : UX DEVICE CLASS RTOS Condition cause : null
2025-09-21 16:12:12,709 [WARN] PackLoader:240 - Cannot read IP mode file for STMicroelectronics.X-CUBE-AZRTOS-H7.3.1.0
2025-09-21 16:12:12,710 [WARN] ConditionMgr:1044 - genDependencies : Invalid condition id : UX DEVICE CLASS RTOS Condition cause : null
2025-09-21 16:12:12,710 [WARN] ConditionMgr:1044 - genDependencies : Invalid condition id : UX DEVICE CLASS RTOS Condition cause : null
2025-09-21 16:12:12,710 [WARN] ConditionMgr:1044 - genDependencies : Invalid condition id : UX DEVICE CLASS RTOS Condition cause : null
2025-09-21 16:12:12,710 [WARN] ConditionMgr:1044 - genDependencies : Invalid condition id : UX DEVICE CLASS RTOS Condition cause : null
2025-09-21 16:12:12,710 [WARN] ConditionMgr:1044 - genDependencies : Invalid condition id : UX DEVICE CLASS RTOS Condition cause : null
2025-09-21 16:12:12,715 [WARN] PackLoader:240 - Cannot read IP mode file for STMicroelectronics.X-CUBE-FREERTOS.1.3.1
2025-09-21 16:12:12,718 [WARN] PackLoader:240 - Cannot read IP mode file for STMicroelectronics.X-CUBE-FREERTOS.1.3.0
2025-09-21 16:12:12,723 [WARN] PackLoader:240 - Cannot read IP mode file for STMicroelectronics.X-CUBE-NFC7.1.0.1
2025-09-21 16:12:12,728 [WARN] PackLoader:240 - Cannot read IP mode file for STMicroelectronics.X-CUBE-NFC7.1.0.0
2025-09-21 16:12:12,735 [WARN] PackLoader:240 - Cannot read IP mode file for STMicroelectronics.X-CUBE-NFC6.3.0.0
2025-09-21 16:12:12,742 [WARN] PackLoader:240 - Cannot read IP mode file for STMicroelectronics.X-CUBE-EEPRMA1.4.1.0
2025-09-21 16:12:12,749 [WARN] PackLoader:240 - Cannot read IP mode file for STMicroelectronics.FP-SNS-STAIOTCFT.1.0.0
2025-09-21 16:12:12,757 [WARN] PackLoader:240 - Cannot read IP mode file for STMicroelectronics.X-CUBE-DPower.1.3.0
2025-09-21 16:12:12,761 [WARN] PackLoader:240 - Cannot read IP mode file for STMicroelectronics.X-CUBE-AI.8.1.0
2025-09-21 16:12:12,774 [WARN] ConditionMgr:438 - getConditionDescription Invalid condition id : LAN8742 Phy interface Condition cause : null
2025-09-21 16:12:12,775 [WARN] PackLoader:240 - Cannot read IP mode file for STMicroelectronics.X-CUBE-AZRTOS-L4.2.0.0
2025-09-21 16:12:12,776 [WARN] ConditionMgr:1044 - genDependencies : Invalid condition id : LAN8742 Phy interface Condition cause : null
2025-09-21 16:12:12,776 [WARN] ConditionMgr:1044 - genDependencies : Invalid condition id : LAN8742 Phy interface Condition cause : null
2025-09-21 16:12:12,776 [WARN] ConditionMgr:1044 - genDependencies : Invalid condition id : LAN8742 Phy interface Condition cause : null
2025-09-21 16:12:12,782 [WARN] PackLoader:240 - Cannot read IP mode file for STMicroelectronics.X-CUBE-SFXS2LP1.4.0.0
2025-09-21 16:12:12,799 [WARN] PackLoader:240 - Cannot read IP mode file for STMicroelectronics.X-CUBE-AZRTOS-H7.3.0.0
2025-09-21 16:12:12,805 [WARN] PackLoader:240 - Cannot read IP mode file for STMicroelectronics.X-CUBE-ISPU.1.1.0
2025-09-21 16:12:12,822 [WARN] PackLoader:240 - Cannot read IP mode file for STMicroelectronics.X-CUBE-AZRTOS-H7.3.3.0
2025-09-21 16:12:12,831 [WARN] PackLoader:240 - Cannot read IP mode file for RoweBots.I-CUBE-UNISONRTOS.5.5.0-4
2025-09-21 16:12:12,835 [WARN] PackLoader:240 - Cannot read IP mode file for wolfSSL.I-CUBE-wolfSSL.5.4.0
2025-09-21 16:12:12,842 [WARN] PackLoader:240 - Cannot read IP mode file for STMicroelectronics.X-CUBE-BLEMGR.4.1.0
2025-09-21 16:12:12,853 [WARN] PackLoader:240 - Cannot read IP mode file for STMicroelectronics.X-CUBE-IPS.3.0.0
2025-09-21 16:12:12,866 [WARN] ConditionMgr:438 - getConditionDescription Invalid condition id : UX DEVICE CLASS RTOS Condition cause : null
2025-09-21 16:12:12,866 [WARN] ConditionMgr:438 - getConditionDescription Invalid condition id : UX DEVICE CLASS RTOS Condition cause : null
2025-09-21 16:12:12,867 [WARN] PackLoader:240 - Cannot read IP mode file for STMicroelectronics.X-CUBE-AZRTOS-WB.2.0.0
2025-09-21 16:12:12,868 [WARN] ConditionMgr:1044 - genDependencies : Invalid condition id : UX DEVICE CLASS RTOS Condition cause : null
2025-09-21 16:12:12,868 [WARN] ConditionMgr:1044 - genDependencies : Invalid condition id : UX DEVICE CLASS RTOS Condition cause : null
2025-09-21 16:12:12,868 [WARN] ConditionMgr:1044 - genDependencies : Invalid condition id : UX DEVICE CLASS RTOS Condition cause : null
2025-09-21 16:12:12,869 [WARN] ConditionMgr:1044 - genDependencies : Invalid condition id : UX DEVICE CLASS RTOS Condition cause : null
2025-09-21 16:12:12,869 [WARN] ConditionMgr:1044 - genDependencies : Invalid condition id : UX DEVICE CLASS RTOS Condition cause : null
2025-09-21 16:12:12,872 [WARN] PackLoader:240 - Cannot read IP mode file for STMicroelectronics.X-CUBE-FREERTOS.1.0.1
2025-09-21 16:12:12,877 [WARN] PackLoader:240 - Cannot read IP mode file for STMicroelectronics.X-CUBE-GNSS1.7.0.0
2025-09-21 16:12:12,882 [WARN] PackLoader:240 - Cannot read IP mode file for STMicroelectronics.X-CUBE-GNSS1.7.0.1
2025-09-21 16:12:12,889 [WARN] PackLoader:240 - Cannot read IP mode file for STMicroelectronics.X-CUBE-BLEMGR.1.0.0
2025-09-21 16:12:12,893 [WARN] PackLoader:240 - Cannot read IP mode file for STMicroelectronics.X-CUBE-TOUCHGFX.4.25.0
2025-09-21 16:12:12,898 [WARN] PackLoader:240 - Cannot read IP mode file for STMicroelectronics.FP-SNS-STBOX1.2.0.0
2025-09-21 16:12:12,901 [WARN] ConditionMgr:438 - getConditionDescription Invalid condition id : Cortex-A Device cause : null
2025-09-21 16:12:12,907 [WARN] ConditionMgr:1044 - genDependencies : Invalid condition id : Cortex-A Device cause : null
2025-09-21 16:12:12,907 [WARN] ConditionMgr:1044 - genDependencies : Invalid condition id : Cortex-A Device cause : null
2025-09-21 16:12:12,907 [WARN] ConditionMgr:1044 - genDependencies : Invalid condition id : Cortex-A Device cause : null
2025-09-21 16:12:12,915 [WARN] PackLoader:240 - Cannot read IP mode file for STMicroelectronics.X-CUBE-AZRTOS-L5.1.1.0
2025-09-21 16:12:12,920 [WARN] PackLoader:240 - Cannot read IP mode file for STMicroelectronics.X-CUBE-AI.8.0.1
2025-09-21 16:12:12,927 [WARN] PackLoader:240 - Cannot read IP mode file for STMicroelectronics.X-CUBE-SUBG2.5.0.0
2025-09-21 16:12:12,944 [WARN] PackLoader:240 - Cannot read IP mode file for STMicroelectronics.X-CUBE-AZRTOS-H7RS.1.1.0
2025-09-21 16:12:12,951 [WARN] PackLoader:240 - Cannot read IP mode file for Cesanta.I-CUBE-Mongoose.7.13.0
2025-09-21 16:12:12,959 [WARN] PackLoader:240 - Cannot read IP mode file for STMicroelectronics.X-CUBE-AZRTOS-G4.2.0.0
2025-09-21 16:12:12,967 [WARN] PackLoader:240 - Cannot read IP mode file for STMicroelectronics.X-CUBE-TOF1.3.3.0
2025-09-21 16:12:12,975 [WARN] PackLoader:240 - Cannot read IP mode file for STMicroelectronics.FP-ATR-ASTRA1.1.1.1
2025-09-21 16:12:12,982 [WARN] PackLoader:240 - Cannot read IP mode file for Infineon.AIROC-Wi-Fi-Bluetooth-STM32.1.5.1
2025-09-21 16:12:12,987 [WARN] PackLoader:240 - Cannot read IP mode file for STMicroelectronics.FP-ATR-ASTRA1.1.1.0
2025-09-21 16:12:12,991 [WARN] PackLoader:240 - Cannot read IP mode file for wolfSSL.I-CUBE-wolfSSH.1.4.20
2025-09-21 16:12:12,993 [WARN] PackLoader:240 - Cannot read IP mode file for STMicroelectronics.X-CUBE-NFC7.2.0.0
2025-09-21 16:12:12,996 [WARN] PackLoader:240 - Cannot read IP mode file for STMicroelectronics.FP-SNS-MOTENVWB1.1.3.1
2025-09-21 16:12:13,004 [WARN] PackLoader:240 - Cannot read IP mode file for STMicroelectronics.X-CUBE-AZRTOS-G4.1.0.0
2025-09-21 16:12:13,017 [WARN] PackLoader:240 - Cannot read IP mode file for STMicroelectronics.X-CUBE-AZRTOS-L4.1.0.0
2025-09-21 16:12:13,022 [WARN] PackLoader:240 - Cannot read IP mode file for STMicroelectronics.X-CUBE-ISPU.2.0.0
2025-09-21 16:12:13,033 [WARN] PackLoader:240 - Cannot read IP mode file for STMicroelectronics.X-CUBE-IPS.3.1.0
2025-09-21 16:12:13,040 [WARN] PackLoader:240 - Cannot read IP mode file for STMicroelectronics.X-CUBE-ALS.1.0.2
2025-09-21 16:12:13,077 [WARN] PackLoader:240 - Cannot read IP mode file for STMicroelectronics.X-CUBE-MEMS1.10.0.0
2025-09-21 16:12:13,173 [WARN] PackLoader:240 - Cannot read IP mode file for STMicroelectronics.X-CUBE-FREERTOS.1.1.0
2025-09-21 16:12:13,176 [WARN] PackLoader:240 - Cannot read IP mode file for STMicroelectronics.X-CUBE-TOUCHGFX.4.24.0
2025-09-21 16:12:13,182 [WARN] PackLoader:240 - Cannot read IP mode file for STMicroelectronics.X-CUBE-AZRTOS-WL.1.0.0
2025-09-21 16:12:13,187 [WARN] PackLoader:240 - Cannot read IP mode file for STMicroelectronics.X-CUBE-TOUCHGFX.4.24.1
2025-09-21 16:12:13,193 [WARN] PackLoader:240 - Cannot read IP mode file for STMicroelectronics.X-CUBE-STSE01.1.0.0
2025-09-21 16:12:13,197 [WARN] PackLoader:240 - Cannot read IP mode file for wolfSSL.I-CUBE-wolfTPM.3.4.0
2025-09-21 16:12:13,202 [WARN] PackLoader:240 - Cannot read IP mode file for portGmbH.I-Cube-SoM-uGOAL.1.1.0
2025-09-21 16:12:13,206 [WARN] PackLoader:240 - Cannot read IP mode file for STMicroelectronics.X-CUBE-ALS.1.0.1
2025-09-21 16:12:13,216 [WARN] PackLoader:240 - Cannot read IP mode file for STMicroelectronics.X-CUBE-AZRTOS-WB.1.1.0
2025-09-21 16:12:13,233 [WARN] PackLoader:240 - Cannot read IP mode file for STMicroelectronics.X-CUBE-AZRTOS-L5.1.0.0
2025-09-21 16:12:13,238 [WARN] PackLoader:240 - Cannot read IP mode file for STMicroelectronics.X-CUBE-EEPRMA1.3.1.1
2025-09-21 16:12:13,249 [WARN] PackLoader:240 - Cannot read IP mode file for STMicroelectronics.X-CUBE-AZRTOS-H7RS.1.0.0
2025-09-21 16:12:13,253 [WARN] PackLoader:240 - Cannot read IP mode file for STMicroelectronics.FP-ATR-ASTRA1.2.0.0
2025-09-21 16:12:13,262 [WARN] PackLoader:240 - Cannot read IP mode file for STMicroelectronics.X-CUBE-TOF1.3.4.2
2025-09-21 16:12:13,277 [WARN] PackLoader:240 - Cannot read IP mode file for STMicroelectronics.X-CUBE-TOF1.3.4.3
2025-09-21 16:12:13,290 [WARN] PackLoader:240 - Cannot read IP mode file for STMicroelectronics.X-CUBE-TOF1.3.4.0
2025-09-21 16:12:13,301 [WARN] PackLoader:240 - Cannot read IP mode file for STMicroelectronics.X-CUBE-TOF1.3.4.1
2025-09-21 16:12:13,321 [WARN] PackLoader:240 - Cannot read IP mode file for STMicroelectronics.X-CUBE-AZRTOS-H7.3.2.0
2025-09-21 16:12:13,327 [WARN] PackLoader:240 - Cannot read IP mode file for wolfSSL.I-CUBE-wolfSSH.1.4.17
2025-09-21 16:12:13,328 [INFO] ThirdParty:978 - Integrity check success = true
2025-09-21 16:12:13,328 [INFO] IntegrityCheckThread:100 - exiting critical section [integrity check]
2025-09-21 16:12:13,328 [INFO] IntegrityCheckThread:103 - End integrity checks thread
2025-09-21 21:48:24,621 [ERROR] LogOutputStream:75 - [STDERR_REDIRECT] 
2025-09-21 22:05:17,219 [INFO] Activator:176 - 


2025-09-21 22:05:17,223 [INFO] Activator:177 - !SESSION log4j initialized
2025-09-21 22:05:22,635 [INFO] LogOutputStream:77 - [STDOUT_REDIRECT] 
2025-09-21 22:05:24,192 [INFO] ApplicationProperties:184 - Using Application install path: C:\ST\STM32CubeIDE_1.14.0\STM32CubeIDE\plugins\com.st.stm32cube.common.mx_6.15.0.202507011659
2025-09-21 22:05:24,217 [INFO] DbMcusXml:78 - Set database path to: C:\ST\STM32CubeIDE_1.14.0\STM32CubeIDE\plugins\com.st.stm32cube.common.mx_6.15.0.202507011659\\db\/mcu/
2025-09-21 22:05:24,217 [INFO] ApiDb:274 - Set plugin database path to: C:\ST\STM32CubeIDE_1.14.0\STM32CubeIDE\plugins\com.st.stm32cube.common.mx_6.15.0.202507011659\\db\/plugins/boardmanager/
2025-09-21 22:05:24,217 [WARN] ApiDb:259 - Overriding images path with different value:  => C:\ST\STM32CubeIDE_1.14.0\STM32CubeIDE\plugins\com.st.stm32cube.common.mx_6.15.0.202507011659\\db\/plugins/mcufinder/images/
2025-09-21 22:05:24,223 [INFO] ApiDb:250 - Set database path to: C:\Users\jihoo\.stmcufinder\plugins\mcufinder//mcu/
2025-09-21 22:05:24,224 [INFO] DbMcusAds:125 - Set database path to: C:\Users\jihoo\.stmcufinder\plugins\mcufinder//mcu/
2025-09-21 22:05:24,227 [INFO] CrossReferenceDbSqlite:203 - Set database path to: C:\Users\jihoo\.stmcufinder\plugins\mcufinder//mcu/cs/
2025-09-21 22:05:24,339 [INFO] RulesReader:64 - Compatibility file has been processed (317 Rules)
2025-09-21 22:05:24,668 [INFO] DbMcusXml:78 - Set database path to: C:\ST\STM32CubeIDE_1.14.0\STM32CubeIDE\plugins\com.st.stm32cube.common.mx_6.15.0.202507011659\\db\/mcu/
2025-09-21 22:05:24,669 [INFO] ApiDb:274 - Set plugin database path to: C:\ST\STM32CubeIDE_1.14.0\STM32CubeIDE\plugins\com.st.stm32cube.common.mx_6.15.0.202507011659\\db\/plugins/boardmanager/
2025-09-21 22:05:24,669 [INFO] ApiDb:261 - Set plugin images path to: C:\ST\STM32CubeIDE_1.14.0\STM32CubeIDE\plugins\com.st.stm32cube.common.mx_6.15.0.202507011659\\db\/plugins/mcufinder/images/
2025-09-21 22:05:24,669 [WARN] DbFile:41 - Overriding database path with different value: C:\Users\jihoo\.stmcufinder\plugins\mcufinder/ => C:\Users\jihoo\.stmcufinder\plugins\mcufinder
2025-09-21 22:05:24,669 [INFO] ApiDb:250 - Set database path to: C:\Users\jihoo\.stmcufinder\plugins\mcufinder//mcu/
2025-09-21 22:05:24,669 [WARN] DbFile:41 - Overriding database path with different value: C:\Users\jihoo\.stmcufinder\plugins\mcufinder/ => C:\Users\jihoo\.stmcufinder\plugins\mcufinder
2025-09-21 22:05:24,669 [INFO] DbMcusAds:125 - Set database path to: C:\Users\jihoo\.stmcufinder\plugins\mcufinder//mcu/
2025-09-21 22:05:24,669 [WARN] DbFile:41 - Overriding database path with different value: C:\Users\jihoo\.stmcufinder\plugins\mcufinder/ => C:\Users\jihoo\.stmcufinder\plugins\mcufinder
2025-09-21 22:05:24,670 [WARN] DbFile:41 - Overriding database path with different value: C:\Users\jihoo\.stmcufinder\plugins\mcufinder/ => C:\Users\jihoo\.stmcufinder\plugins\mcufinder
2025-09-21 22:05:24,670 [INFO] CrossReferenceDbSqlite:203 - Set database path to: C:\Users\jihoo\.stmcufinder\plugins\mcufinder//mcu/cs/
2025-09-21 22:05:25,140 [INFO] MainPanel:274 - HeapMemory: 374341632
2025-09-21 22:05:25,219 [INFO] DbMcusXml:78 - Set database path to: C:\ST\STM32CubeIDE_1.14.0\STM32CubeIDE\plugins\com.st.stm32cube.common.mx_6.15.0.202507011659\\db\/mcu/
2025-09-21 22:05:25,219 [INFO] ApiDb:274 - Set plugin database path to: C:\ST\STM32CubeIDE_1.14.0\STM32CubeIDE\plugins\com.st.stm32cube.common.mx_6.15.0.202507011659\\db\/plugins/boardmanager/
2025-09-21 22:05:25,219 [INFO] ApiDb:261 - Set plugin images path to: C:\ST\STM32CubeIDE_1.14.0\STM32CubeIDE\plugins\com.st.stm32cube.common.mx_6.15.0.202507011659\\db\/plugins/mcufinder/images/
2025-09-21 22:05:25,220 [WARN] DbFile:41 - Overriding database path with different value: C:\Users\jihoo\.stmcufinder\plugins\mcufinder/ => C:\Users\jihoo\.stmcufinder\plugins\mcufinder
2025-09-21 22:05:25,220 [INFO] ApiDb:250 - Set database path to: C:\Users\jihoo\.stmcufinder\plugins\mcufinder//mcu/
2025-09-21 22:05:25,220 [WARN] DbFile:41 - Overriding database path with different value: C:\Users\jihoo\.stmcufinder\plugins\mcufinder/ => C:\Users\jihoo\.stmcufinder\plugins\mcufinder
2025-09-21 22:05:25,220 [INFO] DbMcusAds:125 - Set database path to: C:\Users\jihoo\.stmcufinder\plugins\mcufinder//mcu/
2025-09-21 22:05:25,220 [WARN] DbFile:41 - Overriding database path with different value: C:\Users\jihoo\.stmcufinder\plugins\mcufinder/ => C:\Users\jihoo\.stmcufinder\plugins\mcufinder
2025-09-21 22:05:25,220 [WARN] DbFile:41 - Overriding database path with different value: C:\Users\jihoo\.stmcufinder\plugins\mcufinder/ => C:\Users\jihoo\.stmcufinder\plugins\mcufinder
2025-09-21 22:05:25,220 [INFO] CrossReferenceDbSqlite:203 - Set database path to: C:\Users\jihoo\.stmcufinder\plugins\mcufinder//mcu/cs/
2025-09-21 22:05:25,278 [INFO] ApplicationProperties:184 - Using Application install path: C:\ST\STM32CubeIDE_1.14.0\STM32CubeIDE\plugins\com.st.stm32cube.common.mx_6.15.0.202507011659
2025-09-21 22:05:25,279 [INFO] PluginManage:196 - Search for loadable plugins [exclusion list=, ]
2025-09-21 22:05:25,280 [INFO] PluginManage:310 - Check plugin analytics
2025-09-21 22:05:25,450 [INFO] AnalyticsPlugin:253 - Accepted Software Licenses: STM32CubeMX.6.6.1,STM32CubeMX.6.7.0,STM32CubeMX.6.10.0,STM32CubeMX.6.12.0,STM32CubeMX.6.13.0,STM32CubeMX.6.14.1,STM32CubeMX.6.15.0
2025-09-21 22:05:25,451 [INFO] AnalyticsPlugin:255 - Accepted CMSIS Pack Licenses: Oryx-Embedded.Middleware.2.5.2
2025-09-21 22:05:25,451 [INFO] AnalyticsPlugin:257 - Accepted Firmware Licenses: FW.H7.1.12.0,FW.F4.1.28.0
2025-09-21 22:05:25,454 [INFO] PluginManage:359 - Loaded plugin analytics (category:tool,tabindex:-1)
2025-09-21 22:05:25,454 [INFO] PluginManage:310 - Check plugin cadmodel
2025-09-21 22:05:25,456 [INFO] CADModel:105 - Init CAD model plugin
2025-09-21 22:05:25,457 [INFO] PluginManage:359 - Loaded plugin cadmodel (category:power,tabindex:5)
2025-09-21 22:05:25,457 [INFO] PluginManage:310 - Check plugin clock
2025-09-21 22:05:25,464 [INFO] PluginManage:359 - Loaded plugin clock (category:base,tabindex:2)
2025-09-21 22:05:25,465 [INFO] PluginManage:310 - Check plugin ddr
2025-09-21 22:05:25,466 [INFO] PluginManage:359 - Loaded plugin ddr (category:tool,tabindex:6)
2025-09-21 22:05:25,466 [INFO] PluginManage:310 - Check plugin filemanager
2025-09-21 22:05:25,598 [INFO] PluginManage:359 - Loaded plugin filemanager (category:base,tabindex:10)
2025-09-21 22:05:25,598 [INFO] PluginManage:310 - Check plugin ipmanager
2025-09-21 22:05:25,603 [INFO] PluginManage:359 - Loaded plugin ipmanager (category:base,tabindex:5)
2025-09-21 22:05:25,603 [INFO] PluginManage:310 - Check plugin lpbam
2025-09-21 22:05:25,610 [INFO] PluginManage:359 - Loaded plugin lpbam (category:base,tabindex:0)
2025-09-21 22:05:25,610 [INFO] PluginManage:310 - Check plugin memorymap
2025-09-21 22:05:25,623 [INFO] PluginManage:359 - Loaded plugin memorymap (category:base,tabindex:4)
2025-09-21 22:05:25,623 [INFO] PluginManage:310 - Check plugin pinoutandconfiguration
2025-09-21 22:05:25,631 [INFO] PluginManage:359 - Loaded plugin pinoutandconfiguration (category:base,tabindex:1)
2025-09-21 22:05:25,632 [INFO] PluginManage:310 - Check plugin pinoutconfig
2025-09-21 22:05:25,777 [WARN] SupportedApi:132 - Cannot load RTOS API schema: s4s-elt-must-match.1: The content of 'definitions' must match (annotation?, (simpleType | complexType)?, (unique | key | keyref)*)). A problem was found starting at: attribute.
2025-09-21 22:05:25,918 [INFO] PluginManage:359 - Loaded plugin pinoutconfig (category:base,tabindex:0)
2025-09-21 22:05:25,918 [INFO] PluginManage:310 - Check plugin power
2025-09-21 22:05:25,924 [INFO] PluginManage:359 - Loaded plugin power (category:power,tabindex:4)
2025-09-21 22:05:25,924 [INFO] PluginManage:310 - Check plugin projectmanager
2025-09-21 22:05:25,938 [INFO] PluginManage:359 - Loaded plugin projectmanager (category:projectmanager,tabindex:4)
2025-09-21 22:05:25,938 [INFO] PluginManage:310 - Check plugin rif
2025-09-21 22:05:25,945 [INFO] PluginManage:359 - Loaded plugin rif (category:base,tabindex:3)
2025-09-21 22:05:25,945 [INFO] PluginManage:310 - Check plugin thirdparty
2025-09-21 22:05:26,056 [INFO] PluginManage:359 - Loaded plugin thirdparty (category:base,tabindex:-1)
2025-09-21 22:05:26,056 [INFO] PluginManage:310 - Check plugin tools
2025-09-21 22:05:26,056 [WARN] IntegrityCheckThread:84 - waiting for thirdparty lock release [integrity check]
2025-09-21 22:05:26,056 [INFO] IntegrityCheckThread:86 - entering critical section [integrity check]
2025-09-21 22:05:26,057 [INFO] ThirdPartyUpdaterWithRetryManager:70 - Updater plugin not ready yet. [1/15]
2025-09-21 22:05:26,059 [INFO] PluginManage:359 - Loaded plugin tools (category:base,tabindex:7)
2025-09-21 22:05:26,059 [INFO] PluginManage:310 - Check plugin tutovideos
2025-09-21 22:05:26,266 [INFO] PluginManage:359 - Loaded plugin tutovideos (category:base,tabindex:-1)
2025-09-21 22:05:26,266 [INFO] PluginManage:310 - Check plugin updater
2025-09-21 22:05:26,281 [INFO] PluginManage:359 - Loaded plugin updater (category:base,tabindex:12)
2025-09-21 22:05:26,281 [INFO] PluginManage:310 - Check plugin userauth
2025-09-21 22:05:26,284 [INFO] UserAuth:118 - Init User Auth plugin
2025-09-21 22:05:26,285 [INFO] PluginManage:359 - Loaded plugin userauth (category:base,tabindex:14)
2025-09-21 22:05:26,285 [INFO] PluginManage:283 - PluginManage : Loaded plugins [18]
2025-09-21 22:05:26,780 [INFO] PinOutPanel:1589 - setPackage(No Configuration,No Configuration)
2025-09-21 22:05:27,073 [INFO] CADModel:165 - CPN selected for project level
2025-09-21 22:05:27,073 [INFO] CADModel:114 - Register for checkConnection events
2025-09-21 22:05:27,086 [INFO] IPUIPlugin:80 - create IPUIPlugin
2025-09-21 22:05:27,086 [INFO] PluginManager:220 - loadIPPluginJar : add adc
2025-09-21 22:05:27,089 [INFO] IPUIPlugin:80 - create IPUIPlugin
2025-09-21 22:05:27,090 [INFO] PluginManager:220 - loadIPPluginJar : add aes
2025-09-21 22:05:27,092 [INFO] IPUIPlugin:80 - create IPUIPlugin
2025-09-21 22:05:27,092 [INFO] PluginManager:220 - loadIPPluginJar : add can
2025-09-21 22:05:27,093 [INFO] IPUIPlugin:80 - create IPUIPlugin
2025-09-21 22:05:27,094 [INFO] PluginManager:220 - loadIPPluginJar : add comp
2025-09-21 22:05:27,096 [INFO] IPUIPlugin:80 - create IPUIPlugin
2025-09-21 22:05:27,096 [INFO] PluginManager:220 - loadIPPluginJar : add cryp
2025-09-21 22:05:27,099 [INFO] IPUIPlugin:80 - create IPUIPlugin
2025-09-21 22:05:27,099 [INFO] PluginManager:220 - loadIPPluginJar : add ddr_ctrl_phy
2025-09-21 22:05:27,102 [INFO] IPUIPlugin:80 - create IPUIPlugin
2025-09-21 22:05:27,102 [INFO] PluginManager:220 - loadIPPluginJar : add dfsdm
2025-09-21 22:05:27,106 [INFO] IPUIPlugin:80 - create IPUIPlugin
2025-09-21 22:05:27,107 [INFO] PluginManager:220 - loadIPPluginJar : add dma
2025-09-21 22:05:27,109 [INFO] IPUIPlugin:80 - create IPUIPlugin
2025-09-21 22:05:27,109 [INFO] PluginManager:220 - loadIPPluginJar : add dma3
2025-09-21 22:05:27,112 [INFO] IPUIPlugin:80 - create IPUIPlugin
2025-09-21 22:05:27,112 [INFO] PluginManager:220 - loadIPPluginJar : add extmemmanager
2025-09-21 22:05:27,113 [INFO] IPUIPlugin:80 - create IPUIPlugin
2025-09-21 22:05:27,113 [INFO] PluginManager:220 - loadIPPluginJar : add fatfs
2025-09-21 22:05:27,117 [INFO] IPUIPlugin:80 - create IPUIPlugin
2025-09-21 22:05:27,117 [INFO] PluginManager:220 - loadIPPluginJar : add fmc
2025-09-21 22:05:27,122 [INFO] IPUIPlugin:80 - create IPUIPlugin
2025-09-21 22:05:27,122 [INFO] PluginManager:220 - loadIPPluginJar : add freertos
2025-09-21 22:05:27,124 [INFO] IPUIPlugin:80 - create IPUIPlugin
2025-09-21 22:05:27,124 [INFO] PluginManager:220 - loadIPPluginJar : add genericplugin
2025-09-21 22:05:27,126 [INFO] IPUIPlugin:80 - create IPUIPlugin
2025-09-21 22:05:27,126 [INFO] PluginManager:220 - loadIPPluginJar : add gfxmmu
2025-09-21 22:05:27,130 [INFO] IPUIPlugin:80 - create IPUIPlugin
2025-09-21 22:05:27,130 [INFO] PluginManager:220 - loadIPPluginJar : add gic
2025-09-21 22:05:27,133 [INFO] IPUIPlugin:80 - create IPUIPlugin
2025-09-21 22:05:27,133 [INFO] PluginManager:220 - loadIPPluginJar : add gpio
2025-09-21 22:05:27,136 [INFO] IPUIPlugin:80 - create IPUIPlugin
2025-09-21 22:05:27,136 [INFO] PluginManager:220 - loadIPPluginJar : add gtzc
2025-09-21 22:05:27,138 [INFO] IPUIPlugin:80 - create IPUIPlugin
2025-09-21 22:05:27,138 [INFO] PluginManager:220 - loadIPPluginJar : add hash
2025-09-21 22:05:27,141 [INFO] IPUIPlugin:80 - create IPUIPlugin
2025-09-21 22:05:27,141 [INFO] PluginManager:220 - loadIPPluginJar : add i2c
2025-09-21 22:05:27,143 [INFO] IPUIPlugin:80 - create IPUIPlugin
2025-09-21 22:05:27,144 [INFO] PluginManager:220 - loadIPPluginJar : add i2s
2025-09-21 22:05:27,146 [INFO] IPUIPlugin:80 - create IPUIPlugin
2025-09-21 22:05:27,146 [INFO] PluginManager:220 - loadIPPluginJar : add i3c
2025-09-21 22:05:27,149 [INFO] IPUIPlugin:80 - create IPUIPlugin
2025-09-21 22:05:27,149 [INFO] PluginManager:220 - loadIPPluginJar : add ipddr
2025-09-21 22:05:27,156 [INFO] IPUIPlugin:80 - create IPUIPlugin
2025-09-21 22:05:27,156 [INFO] PluginManager:220 - loadIPPluginJar : add linkedlist
2025-09-21 22:05:27,159 [INFO] IPUIPlugin:80 - create IPUIPlugin
2025-09-21 22:05:27,159 [INFO] PluginManager:220 - loadIPPluginJar : add lorawan
2025-09-21 22:05:27,160 [INFO] IPUIPlugin:80 - create IPUIPlugin
2025-09-21 22:05:27,160 [INFO] PluginManager:220 - loadIPPluginJar : add ltdc
2025-09-21 22:05:27,165 [INFO] IPUIPlugin:80 - create IPUIPlugin
2025-09-21 22:05:27,165 [INFO] PluginManager:220 - loadIPPluginJar : add mdma
2025-09-21 22:05:27,169 [INFO] IPUIPlugin:80 - create IPUIPlugin
2025-09-21 22:05:27,169 [INFO] PluginManager:220 - loadIPPluginJar : add nvic
2025-09-21 22:05:27,172 [INFO] IPUIPlugin:80 - create IPUIPlugin
2025-09-21 22:05:27,172 [INFO] PluginManager:220 - loadIPPluginJar : add opamp
2025-09-21 22:05:27,176 [INFO] IPUIPlugin:80 - create IPUIPlugin
2025-09-21 22:05:27,176 [INFO] PluginManager:220 - loadIPPluginJar : add openamp
2025-09-21 22:05:27,179 [INFO] IPUIPlugin:80 - create IPUIPlugin
2025-09-21 22:05:27,179 [INFO] PluginManager:220 - loadIPPluginJar : add pdm2pcm
2025-09-21 22:05:27,184 [INFO] IPUIPlugin:80 - create IPUIPlugin
2025-09-21 22:05:27,186 [INFO] PluginManager:220 - loadIPPluginJar : add plateformsettings
2025-09-21 22:05:27,189 [INFO] IPUIPlugin:80 - create IPUIPlugin
2025-09-21 22:05:27,189 [INFO] PluginManager:220 - loadIPPluginJar : add quadspi
2025-09-21 22:05:27,191 [INFO] IPUIPlugin:80 - create IPUIPlugin
2025-09-21 22:05:27,191 [INFO] PluginManager:220 - loadIPPluginJar : add radio
2025-09-21 22:05:27,194 [INFO] IPUIPlugin:80 - create IPUIPlugin
2025-09-21 22:05:27,194 [INFO] PluginManager:220 - loadIPPluginJar : add resmgrutility
2025-09-21 22:05:27,196 [INFO] IPUIPlugin:80 - create IPUIPlugin
2025-09-21 22:05:27,197 [INFO] PluginManager:220 - loadIPPluginJar : add sai
2025-09-21 22:05:27,199 [INFO] IPUIPlugin:80 - create IPUIPlugin
2025-09-21 22:05:27,199 [INFO] PluginManager:220 - loadIPPluginJar : add spi
2025-09-21 22:05:27,204 [INFO] IPUIPlugin:80 - create IPUIPlugin
2025-09-21 22:05:27,205 [INFO] PluginManager:220 - loadIPPluginJar : add stm32_wpan
2025-09-21 22:05:27,206 [INFO] IPUIPlugin:80 - create IPUIPlugin
2025-09-21 22:05:27,206 [INFO] PluginManager:220 - loadIPPluginJar : add tim
2025-09-21 22:05:27,209 [INFO] IPUIPlugin:80 - create IPUIPlugin
2025-09-21 22:05:27,209 [INFO] PluginManager:220 - loadIPPluginJar : add touchsensing
2025-09-21 22:05:27,211 [INFO] IPUIPlugin:80 - create IPUIPlugin
2025-09-21 22:05:27,211 [INFO] PluginManager:220 - loadIPPluginJar : add tracer_emb
2025-09-21 22:05:27,212 [INFO] IPUIPlugin:80 - create IPUIPlugin
2025-09-21 22:05:27,213 [INFO] PluginManager:220 - loadIPPluginJar : add ts
2025-09-21 22:05:27,214 [INFO] IPUIPlugin:80 - create IPUIPlugin
2025-09-21 22:05:27,214 [INFO] PluginManager:220 - loadIPPluginJar : add tsc
2025-09-21 22:05:27,216 [INFO] IPUIPlugin:80 - create IPUIPlugin
2025-09-21 22:05:27,216 [INFO] PluginManager:220 - loadIPPluginJar : add ucpd
2025-09-21 22:05:27,218 [INFO] IPUIPlugin:80 - create IPUIPlugin
2025-09-21 22:05:27,218 [INFO] PluginManager:220 - loadIPPluginJar : add usart
2025-09-21 22:05:27,220 [INFO] IPUIPlugin:80 - create IPUIPlugin
2025-09-21 22:05:27,220 [INFO] PluginManager:220 - loadIPPluginJar : add usbx
2025-09-21 22:05:27,462 [FATAL] Updater:351 - Updater called before beeing initialized
2025-09-21 22:05:27,484 [INFO] RulesReader:64 - Compatibility file has been processed (317 Rules)
2025-09-21 22:05:27,493 [INFO] RulesReader:64 - Compatibility file has been processed (317 Rules)
2025-09-21 22:05:27,499 [INFO] CADModel:165 - CPN selected for project level
2025-09-21 22:05:27,499 [INFO] CADModel:114 - Register for checkConnection events
2025-09-21 22:05:27,499 [FATAL] Updater:351 - Updater called before beeing initialized
2025-09-21 22:05:27,499 [ERROR] CADModel:125 - Updater not yet initialized, retry later 
2025-09-21 22:05:27,607 [FATAL] Updater:351 - Updater called before beeing initialized
2025-09-21 22:05:27,608 [INFO] CADModel:165 - CPN selected for project level
2025-09-21 22:05:27,609 [INFO] CADModel:114 - Register for checkConnection events
2025-09-21 22:05:27,609 [FATAL] Updater:351 - Updater called before beeing initialized
2025-09-21 22:05:27,609 [ERROR] CADModel:125 - Updater not yet initialized, retry later 
2025-09-21 22:05:27,611 [FATAL] Updater:351 - Updater called before beeing initialized
2025-09-21 22:05:27,881 [FATAL] Updater:351 - Updater called before beeing initialized
2025-09-21 22:05:27,884 [INFO] DbMcusAds:53 - JSON generation date=Tue Jul 08 17:14:23 KST 2025 (1751962463524)
2025-09-21 22:05:27,884 [FATAL] Updater:351 - Updater called before beeing initialized
2025-09-21 22:05:27,939 [WARN] DetailPanel:346 - Failed to get advertising image, set to default
2025-09-21 22:05:28,026 [FATAL] Updater:351 - Updater called before beeing initialized
2025-09-21 22:05:28,027 [FATAL] Updater:351 - Updater called before beeing initialized
2025-09-21 22:05:28,028 [FATAL] Updater:351 - Updater called before beeing initialized
2025-09-21 22:05:28,028 [WARN] DetailPanel:346 - Failed to get advertising image, set to default
2025-09-21 22:05:28,029 [FATAL] Updater:351 - Updater called before beeing initialized
2025-09-21 22:05:28,063 [ERROR] Updater:1198 - MainUpdater not yet initialized. External WinMGr cannot be set.
2025-09-21 22:05:28,063 [INFO] Updater:1134 - Updater Version found : 6.15.0
2025-09-21 22:05:28,076 [INFO] ApplicationProperties:184 - Using Application install path: C:\ST\STM32CubeIDE_1.14.0\STM32CubeIDE\plugins\com.st.stm32cube.common.mx_6.15.0.202507011659
2025-09-21 22:05:28,422 [INFO] MainUpdater:2872 - connection check result : 10
2025-09-21 22:05:28,423 [INFO] MainUpdater:289 - Updater Check For Update Now.
2025-09-21 22:05:28,423 [INFO] MicroXplorer:498 - Change Database Version : DB.6.0.150
2025-09-21 22:05:28,429 [INFO] McuFinderGlobals:63 - Set McuFinder mode to 2 (CubeIDE integrated)
2025-09-21 22:05:28,431 [INFO] UserAuth:487 - Internet connection configuration mode: 1
2025-09-21 22:05:28,443 [INFO] JxBrowserEngine:152 - Initiate JxBrowser Engine with user profile folder
2025-09-21 22:05:28,607 [INFO] CheckServerUpdateThread:120 - End of CheckServer Thread
2025-09-21 22:05:28,946 [INFO] WebApp:169 - Instantiating new browser for Auth
2025-09-21 22:05:29,315 [WARN] PackLoader:240 - Cannot read IP mode file for STMicroelectronics.FP-SNS-MOTENVWB1.1.4.0
2025-09-21 22:05:29,324 [WARN] PackLoader:240 - Cannot read IP mode file for STMicroelectronics.FP-ATR-ASTRA1.2.0.2
2025-09-21 22:05:29,328 [WARN] PackLoader:240 - Cannot read IP mode file for STMicroelectronics.FP-ATR-ASTRA1.2.0.1
2025-09-21 22:05:29,339 [WARN] PackLoader:240 - Cannot read IP mode file for STMicroelectronics.X-CUBE-SMBUS.2.1.0
2025-09-21 22:05:29,346 [WARN] PackLoader:240 - Cannot read IP mode file for STMicroelectronics.X-CUBE-WB05N.1.1.0
2025-09-21 22:05:29,352 [WARN] PackLoader:240 - Cannot read IP mode file for STMicroelectronics.X-CUBE-ST60.1.0.0
2025-09-21 22:05:29,357 [WARN] PackLoader:240 - Cannot read IP mode file for STMicroelectronics.X-CUBE-TOUCHGFX.4.23.0
2025-09-21 22:05:29,382 [WARN] PackLoader:240 - Cannot read IP mode file for STMicroelectronics.X-CUBE-AZRTOS-F7.1.1.0
2025-09-21 22:05:29,392 [WARN] PackLoader:240 - Cannot read IP mode file for STMicroelectronics.FP-SNS-MOTENV1.4.3.2
2025-09-21 22:05:29,398 [ERROR] RealEvaluatedCondition:428 - Found unsupported composite condition: GROUP='STM32_MetaDataManager' CLASS='Data Exchange'
2025-09-21 22:05:29,398 [ERROR] RealEvaluatedCondition:428 - Found unsupported composite condition: CLASS='Data Exchange' GROUP='STM32_MetaDataManager'
2025-09-21 22:05:29,399 [WARN] PackLoader:240 - Cannot read IP mode file for STMicroelectronics.FP-SNS-MOTENV1.4.3.1
2025-09-21 22:05:29,405 [WARN] PackLoader:240 - Cannot read IP mode file for STMicroelectronics.FP-SNS-FLIGHT1.5.0.1
2025-09-21 22:05:29,409 [WARN] PackLoader:240 - Cannot read IP mode file for STMicroelectronics.X-CUBE-BLE1.6.2.3
2025-09-21 22:05:29,463 [WARN] PackLoader:240 - Cannot read IP mode file for STMicroelectronics.X-CUBE-MEMS1.11.0.0
2025-09-21 22:05:29,704 [INFO] WebApp:463 - Apply proxy settings
2025-09-21 22:05:29,705 [INFO] WebApp:548 - Chromium requires no authentication
2025-09-21 22:05:29,717 [WARN] PackLoader:240 - Cannot read IP mode file for STMicroelectronics.X-CUBE-BLE1.6.2.4
2025-09-21 22:05:29,724 [INFO] WebApp:491 - Direct internet connection detected
2025-09-21 22:05:29,731 [WARN] PackLoader:240 - Cannot read IP mode file for WES.I-CUBE-Cesium.1.4.0
2025-09-21 22:05:29,736 [WARN] PackLoader:240 - Cannot read IP mode file for STMicroelectronics.FP-SNS-FLIGHT1.5.0.2
2025-09-21 22:05:29,756 [INFO] WebApp:900 - Register for checkConnection events
2025-09-21 22:05:29,757 [INFO] WebApp:463 - Apply proxy settings
2025-09-21 22:05:29,758 [INFO] WebApp:548 - Chromium requires no authentication
2025-09-21 22:05:29,759 [INFO] WebApp:491 - Direct internet connection detected
2025-09-21 22:05:29,761 [WARN] PackLoader:240 - Cannot read IP mode file for Infineon.AIROC-Wi-Fi-Bluetooth-STM32.1.7.1
2025-09-21 22:05:29,776 [WARN] PackLoader:240 - Cannot read IP mode file for STMicroelectronics.X-CUBE-TOF1.3.1.0
2025-09-21 22:05:29,806 [WARN] PackLoader:240 - Cannot read IP mode file for STMicroelectronics.X-CUBE-AZRTOS-H7.3.4.0
2025-09-21 22:05:29,814 [WARN] PackLoader:240 - Cannot read IP mode file for STMicroelectronics.X-CUBE-DISPLAY.3.0.0
2025-09-21 22:05:29,823 [WARN] PackLoader:240 - Cannot read IP mode file for STMicroelectronics.X-CUBE-BLE1.7.0.0
2025-09-21 22:05:29,830 [WARN] PackLoader:240 - Cannot read IP mode file for STMicroelectronics.X-CUBE-NFC10.1.0.0
2025-09-21 22:05:29,842 [WARN] PackLoader:240 - Cannot read IP mode file for STMicroelectronics.X-CUBE-BLEMGR.4.0.0
2025-09-21 22:05:29,848 [WARN] PackLoader:240 - Cannot read IP mode file for emotas.I-CUBE-CANOPEN.1.3.0
2025-09-21 22:05:29,886 [WARN] PackLoader:240 - Cannot read IP mode file for STMicroelectronics.X-CUBE-MEMS1.9.3.0
2025-09-21 22:05:29,974 [WARN] PackLoader:240 - Cannot read IP mode file for STMicroelectronics.X-CUBE-AI.7.2.0
2025-09-21 22:05:29,980 [WARN] PackLoader:240 - Cannot read IP mode file for STMicroelectronics.X-CUBE-BLEMGR.3.1.0
2025-09-21 22:05:29,984 [WARN] PackLoader:240 - Cannot read IP mode file for STMicroelectronics.X-CUBE-AI.10.0.0
2025-09-21 22:05:29,991 [WARN] PackLoader:240 - Cannot read IP mode file for STMicroelectronics.FP-SNS-STBOX1.2.1.0
2025-09-21 22:05:29,998 [WARN] PackLoader:240 - Cannot read IP mode file for STMicroelectronics.FP-SNS-SMARTAG2.1.2.0
2025-09-21 22:05:30,003 [WARN] PackLoader:240 - Cannot read IP mode file for STMicroelectronics.FP-SNS-FLIGHT1.5.1.0
2025-09-21 22:05:30,011 [INFO] LogOutputStream:77 - [STDOUT_REDIRECT] 1 : Invalid condition id : UX_CORESTACK_Condition cause : null
2025-09-21 22:05:30,012 [INFO] LogOutputStream:77 - [STDOUT_REDIRECT] 1 : Invalid condition id : UX_CORESTACK_Condition cause : null
2025-09-21 22:05:30,013 [INFO] LogOutputStream:77 - [STDOUT_REDIRECT] 1 : Invalid condition id : UX_CORESTACK_Condition cause : null
2025-09-21 22:05:30,015 [INFO] LogOutputStream:77 - [STDOUT_REDIRECT] 1 : Invalid condition id : UX_CORESTACK_Condition cause : null
2025-09-21 22:05:30,016 [INFO] LogOutputStream:77 - [STDOUT_REDIRECT] 1 : Invalid condition id : UX_CORESTACK_Condition cause : null
2025-09-21 22:05:30,017 [WARN] PackLoader:240 - Cannot read IP mode file for STMicroelectronics.X-CUBE-AZRTOS-WL.2.0.0
2025-09-21 22:05:30,022 [WARN] PackLoader:240 - Cannot read IP mode file for STMicroelectronics.FP-SNS-MOTENV1.5.0.0
2025-09-21 22:05:30,024 [INFO] WebApp:225 - Starting web application
2025-09-21 22:05:30,025 [INFO] WebApp:593 - Web application path used C:\ST\STM32CubeIDE_1.14.0\STM32CubeIDE\plugins\com.st.stm32cube.common.mx_6.15.0.202507011659\db\plugins\mcufinder\reactClient1\index.html
2025-09-21 22:05:30,027 [WARN] PackLoader:240 - Cannot read IP mode file for wolfSSL.I-CUBE-wolfMQTT.1.19.0
2025-09-21 22:05:30,033 [WARN] PackLoader:240 - Cannot read IP mode file for WES.I-CUBE-Cesium.1.3.0
2025-09-21 22:05:30,039 [WARN] PackLoader:240 - Cannot read IP mode file for STMicroelectronics.X-CUBE-BLE2.3.3.0
2025-09-21 22:05:30,044 [WARN] PackLoader:240 - Cannot read IP mode file for STMicroelectronics.X-CUBE-DISPLAY.2.2.0
2025-09-21 22:05:30,055 [WARN] PackLoader:240 - Cannot read IP mode file for STMicroelectronics.X-CUBE-TOF1.3.2.0
2025-09-21 22:05:30,063 [WARN] PackLoader:240 - Cannot read IP mode file for STMicroelectronics.X-CUBE-ISPU.1.0.0
2025-09-21 22:05:30,091 [WARN] ConditionMgr:438 - getConditionDescription Invalid condition id : Dummy Dependencies cause : null
2025-09-21 22:05:30,141 [INFO] UserAuth:487 - Internet connection configuration mode: 1
2025-09-21 22:05:30,250 [INFO] WebApp:191 - Connection restablished
2025-09-21 22:05:30,303 [WARN] ConditionMgr:1044 - genDependencies : Invalid condition id : Dummy Dependencies cause : null
2025-09-21 22:05:30,313 [WARN] ConditionMgr:1044 - genDependencies : Invalid condition id : Dummy Dependencies cause : null
2025-09-21 22:05:30,314 [WARN] ConditionMgr:1044 - genDependencies : Invalid condition id : Dummy Dependencies cause : null
2025-09-21 22:05:30,341 [WARN] ConditionMgr:438 - getConditionDescription Invalid condition id : Dummy Dependencies cause : null
2025-09-21 22:05:30,515 [WARN] PackLoader:240 - Cannot read IP mode file for STMicroelectronics.X-CUBE-NFC9.1.0.0
2025-09-21 22:05:30,540 [WARN] PackLoader:240 - Cannot read IP mode file for STMicroelectronics.X-CUBE-AZRTOS-H7.2.1.0
2025-09-21 22:05:30,547 [WARN] PackLoader:240 - Cannot read IP mode file for wolfSSL.I-CUBE-wolfSSL.5.8.2
2025-09-21 22:05:30,552 [WARN] PackLoader:240 - Cannot read IP mode file for STMicroelectronics.X-CUBE-BLE1.7.1.0
2025-09-21 22:05:30,556 [WARN] PackLoader:240 - Cannot read IP mode file for wolfSSL.I-CUBE-wolfMQTT.1.19.2
2025-09-21 22:05:30,563 [WARN] PackLoader:240 - Cannot read IP mode file for STMicroelectronics.X-CUBE-TCPP.4.1.0
2025-09-21 22:05:30,572 [WARN] PackLoader:240 - Cannot read IP mode file for STMicroelectronics.X-CUBE-EEPRMA1.5.2.0
2025-09-21 22:05:30,578 [WARN] PackLoader:240 - Cannot read IP mode file for STMicroelectronics.X-CUBE-TOUCHGFX.4.21.1
2025-09-21 22:05:30,581 [WARN] PackLoader:240 - Cannot read IP mode file for STMicroelectronics.X-CUBE-TOUCHGFX.4.21.0
2025-09-21 22:05:30,585 [WARN] PackLoader:240 - Cannot read IP mode file for STMicroelectronics.X-CUBE-TOUCHGFX.4.21.4
2025-09-21 22:05:30,624 [WARN] PackLoader:240 - Cannot read IP mode file for STMicroelectronics.X-CUBE-MEMS1.9.4.0
2025-09-21 22:05:30,754 [WARN] PackLoader:240 - Cannot read IP mode file for STMicroelectronics.X-CUBE-AI.7.3.0
2025-09-21 22:05:30,759 [WARN] PackLoader:240 - Cannot read IP mode file for STMicroelectronics.X-CUBE-AI.10.1.0
2025-09-21 22:05:30,767 [WARN] PackLoader:240 - Cannot read IP mode file for STMicroelectronics.X-CUBE-ALGOBUILD.1.3.0
2025-09-21 22:05:30,824 [WARN] PackLoader:240 - Cannot read IP mode file for STMicroelectronics.X-CUBE-MEMS1.11.2.0
2025-09-21 22:05:30,940 [WARN] PackLoader:240 - Cannot read IP mode file for STMicroelectronics.X-CUBE-AZRTOS-G0.1.1.0
2025-09-21 22:05:30,948 [WARN] PackLoader:240 - Cannot read IP mode file for STMicroelectronics.X-CUBE-SAFEA1.1.2.2
2025-09-21 22:05:30,956 [WARN] PackLoader:240 - Cannot read IP mode file for STMicroelectronics.X-CUBE-NFC4.3.0.0
2025-09-21 22:05:30,987 [WARN] PackLoader:240 - Cannot read IP mode file for SEGGER.I-CUBE-embOS.1.2.0
2025-09-21 22:05:31,025 [WARN] PackLoader:240 - Cannot read IP mode file for EmbeddedOffice.I-CUBE-FS-RTOS.1.0.1
2025-09-21 22:05:31,031 [WARN] PackLoader:240 - Cannot read IP mode file for STMicroelectronics.X-CUBE-WB05N.2.0.0
2025-09-21 22:05:31,038 [WARN] PackLoader:240 - Cannot read IP mode file for STMicroelectronics.X-CUBE-BLEMGR.3.0.0
2025-09-21 22:05:31,045 [WARN] PackLoader:240 - Cannot read IP mode file for wolfSSL.I-CUBE-wolfTPM.3.8.0
2025-09-21 22:05:31,050 [WARN] PackLoader:240 - Cannot read IP mode file for STMicroelectronics.X-CUBE-BLEMGR.1.3.0
2025-09-21 22:05:31,055 [WARN] PackLoader:240 - Cannot read IP mode file for STMicroelectronics.X-CUBE-TCPP.4.2.0
2025-09-21 22:05:31,062 [WARN] PackLoader:240 - Cannot read IP mode file for RealThread.X-CUBE-RT-Thread_Nano.4.1.1
2025-09-21 22:05:31,065 [WARN] PackLoader:240 - Cannot read IP mode file for STMicroelectronics.FP-ATR-SIGFOX1.3.2.0
2025-09-21 22:05:31,071 [WARN] ConditionMgr:438 - getConditionDescription Invalid condition id : Cortex-A Device cause : null
2025-09-21 22:05:31,079 [WARN] ConditionMgr:1044 - genDependencies : Invalid condition id : Cortex-A Device cause : null
2025-09-21 22:05:31,080 [WARN] ConditionMgr:1044 - genDependencies : Invalid condition id : Cortex-A Device cause : null
2025-09-21 22:05:31,080 [WARN] ConditionMgr:1044 - genDependencies : Invalid condition id : Cortex-A Device cause : null
2025-09-21 22:05:31,086 [WARN] PackLoader:240 - Cannot read IP mode file for STMicroelectronics.X-CUBE-EEPRMA1.5.1.0
2025-09-21 22:05:31,093 [WARN] PackLoader:240 - Cannot read IP mode file for emotas.I-CUBE-CANOPEN.1.1.2
2025-09-21 22:05:31,097 [WARN] PackLoader:240 - Cannot read IP mode file for STMicroelectronics.X-CUBE-TOUCHGFX.4.20.0
2025-09-21 22:05:31,104 [WARN] PackLoader:240 - Cannot read IP mode file for ITTIA_DB.I-CUBE-ITTIADB.8.9.0
2025-09-21 22:05:31,110 [WARN] PackLoader:240 - Cannot read IP mode file for STMicroelectronics.X-CUBE-ST67W61.1.0.0
2025-09-21 22:05:31,114 [WARN] PackLoader:240 - Cannot read IP mode file for STMicroelectronics.X-CUBE-AI.10.2.0
2025-09-21 22:05:31,141 [WARN] PackLoader:240 - Cannot read IP mode file for SEGGER.I-CUBE-embOS.1.3.1
2025-09-21 22:05:31,166 [WARN] PackLoader:240 - Cannot read IP mode file for STMicroelectronics.X-CUBE-ALGOBUILD.1.4.0
2025-09-21 22:05:31,209 [WARN] PackLoader:240 - Cannot read IP mode file for STMicroelectronics.X-CUBE-MEMS1.11.3.0
2025-09-21 22:05:31,286 [WARN] PackLoader:240 - Cannot read IP mode file for STMicroelectronics.X-CUBE-AI.9.1.0
2025-09-21 22:05:31,291 [WARN] PackLoader:240 - Cannot read IP mode file for STMicroelectronics.X-CUBE-PM33A1.1.0.0
2025-09-21 22:05:31,295 [WARN] PackLoader:240 - Cannot read IP mode file for STMicroelectronics.X-CUBE-GNSS1.6.0.0
2025-09-21 22:05:31,307 [WARN] PackLoader:240 - Cannot read IP mode file for STMicroelectronics.X-CUBE-AZRTOS-F4.1.1.0
2025-09-21 22:05:31,313 [WARN] PackLoader:240 - Cannot read IP mode file for Avnet-IotConnect.X-CUBE-IoTC-DA16k-PMOD.1.0.0
2025-09-21 22:05:31,316 [WARN] PackLoader:240 - Cannot read IP mode file for STMicroelectronics.X-CUBE-ISPU.2.1.0
2025-09-21 22:05:31,321 [WARN] PackLoader:240 - Cannot read IP mode file for STMicroelectronics.X-CUBE-FREERTOS.1.2.0
2025-09-21 22:05:31,324 [WARN] PackLoader:240 - Cannot read IP mode file for wolfSSL.I-CUBE-wolfSSL.5.6.6
2025-09-21 22:05:31,329 [WARN] PackLoader:240 - Cannot read IP mode file for STMicroelectronics.X-CUBE-NFC12.1.0.0
2025-09-21 22:05:31,344 [WARN] PackLoader:240 - Cannot read IP mode file for STMicroelectronics.X-CUBE-AZRTOS-L5.2.0.0
2025-09-21 22:05:31,371 [WARN] PackLoader:240 - Cannot read IP mode file for STMicroelectronics.X-CUBE-MEMS1.9.6.0
2025-09-21 22:05:31,458 [WARN] PackLoader:240 - Cannot read IP mode file for STMicroelectronics.X-CUBE-EEPRMA1.4.2.0
2025-09-21 22:05:31,463 [WARN] PackLoader:240 - Cannot read IP mode file for STMicroelectronics.X-CUBE-NFC6.3.1.0
2025-09-21 22:05:31,476 [WARN] PackLoader:240 - Cannot read IP mode file for ITTIA_DB.I-CUBE-ITTIADB.8.8.0
2025-09-21 22:05:31,483 [WARN] PackLoader:240 - Cannot read IP mode file for STMicroelectronics.X-CUBE-BLEMGR.2.0.0
2025-09-21 22:05:31,488 [WARN] PackLoader:240 - Cannot read IP mode file for STMicroelectronics.X-CUBE-DPower.1.2.0
2025-09-21 22:05:31,493 [WARN] PackLoader:240 - Cannot read IP mode file for STMicroelectronics.X-CUBE-NFC4.2.0.5
2025-09-21 22:05:31,499 [WARN] PackLoader:240 - Cannot read IP mode file for STMicroelectronics.X-CUBE-NFC4.2.0.4
2025-09-21 22:05:31,505 [WARN] PackLoader:240 - Cannot read IP mode file for STMicroelectronics.X-CUBE-AI.9.0.0
2025-09-21 22:05:31,520 [WARN] ConditionMgr:438 - getConditionDescription Invalid condition id : UX DEVICE CLASS RTOS Condition cause : null
2025-09-21 22:05:31,520 [WARN] ConditionMgr:438 - getConditionDescription Invalid condition id : UX DEVICE CLASS RTOS Condition cause : null
2025-09-21 22:05:31,522 [WARN] PackLoader:240 - Cannot read IP mode file for STMicroelectronics.X-CUBE-AZRTOS-H7.3.1.0
2025-09-21 22:05:31,523 [WARN] ConditionMgr:1044 - genDependencies : Invalid condition id : UX DEVICE CLASS RTOS Condition cause : null
2025-09-21 22:05:31,524 [WARN] ConditionMgr:1044 - genDependencies : Invalid condition id : UX DEVICE CLASS RTOS Condition cause : null
2025-09-21 22:05:31,525 [WARN] ConditionMgr:1044 - genDependencies : Invalid condition id : UX DEVICE CLASS RTOS Condition cause : null
2025-09-21 22:05:31,525 [WARN] ConditionMgr:1044 - genDependencies : Invalid condition id : UX DEVICE CLASS RTOS Condition cause : null
2025-09-21 22:05:31,525 [WARN] ConditionMgr:1044 - genDependencies : Invalid condition id : UX DEVICE CLASS RTOS Condition cause : null
2025-09-21 22:05:31,530 [WARN] PackLoader:240 - Cannot read IP mode file for STMicroelectronics.X-CUBE-FREERTOS.1.3.1
2025-09-21 22:05:31,534 [WARN] PackLoader:240 - Cannot read IP mode file for STMicroelectronics.X-CUBE-FREERTOS.1.3.0
2025-09-21 22:05:31,539 [WARN] PackLoader:240 - Cannot read IP mode file for STMicroelectronics.X-CUBE-NFC7.1.0.1
2025-09-21 22:05:31,544 [WARN] PackLoader:240 - Cannot read IP mode file for STMicroelectronics.X-CUBE-NFC7.1.0.0
2025-09-21 22:05:31,550 [WARN] PackLoader:240 - Cannot read IP mode file for STMicroelectronics.X-CUBE-NFC6.3.0.0
2025-09-21 22:05:31,555 [WARN] PackLoader:240 - Cannot read IP mode file for STMicroelectronics.X-CUBE-EEPRMA1.4.1.0
2025-09-21 22:05:31,561 [WARN] PackLoader:240 - Cannot read IP mode file for STMicroelectronics.FP-SNS-STAIOTCFT.1.0.0
2025-09-21 22:05:31,563 [WARN] PackLoader:240 - Cannot read IP mode file for STMicroelectronics.X-CUBE-DPower.1.3.0
2025-09-21 22:05:31,568 [WARN] PackLoader:240 - Cannot read IP mode file for STMicroelectronics.X-CUBE-AI.8.1.0
2025-09-21 22:05:31,581 [WARN] ConditionMgr:438 - getConditionDescription Invalid condition id : LAN8742 Phy interface Condition cause : null
2025-09-21 22:05:31,581 [WARN] PackLoader:240 - Cannot read IP mode file for STMicroelectronics.X-CUBE-AZRTOS-L4.2.0.0
2025-09-21 22:05:31,582 [WARN] ConditionMgr:1044 - genDependencies : Invalid condition id : LAN8742 Phy interface Condition cause : null
2025-09-21 22:05:31,582 [WARN] ConditionMgr:1044 - genDependencies : Invalid condition id : LAN8742 Phy interface Condition cause : null
2025-09-21 22:05:31,583 [WARN] ConditionMgr:1044 - genDependencies : Invalid condition id : LAN8742 Phy interface Condition cause : null
2025-09-21 22:05:31,589 [WARN] PackLoader:240 - Cannot read IP mode file for STMicroelectronics.X-CUBE-SFXS2LP1.4.0.0
2025-09-21 22:05:31,604 [WARN] PackLoader:240 - Cannot read IP mode file for STMicroelectronics.X-CUBE-AZRTOS-H7.3.0.0
2025-09-21 22:05:31,611 [WARN] PackLoader:240 - Cannot read IP mode file for STMicroelectronics.X-CUBE-ISPU.1.1.0
2025-09-21 22:05:31,626 [WARN] PackLoader:240 - Cannot read IP mode file for STMicroelectronics.X-CUBE-AZRTOS-H7.3.3.0
2025-09-21 22:05:31,634 [WARN] PackLoader:240 - Cannot read IP mode file for RoweBots.I-CUBE-UNISONRTOS.5.5.0-4
2025-09-21 22:05:31,638 [WARN] PackLoader:240 - Cannot read IP mode file for wolfSSL.I-CUBE-wolfSSL.5.4.0
2025-09-21 22:05:31,645 [WARN] PackLoader:240 - Cannot read IP mode file for STMicroelectronics.X-CUBE-BLEMGR.4.1.0
2025-09-21 22:05:31,658 [WARN] PackLoader:240 - Cannot read IP mode file for STMicroelectronics.X-CUBE-IPS.3.0.0
2025-09-21 22:05:31,672 [WARN] ConditionMgr:438 - getConditionDescription Invalid condition id : UX DEVICE CLASS RTOS Condition cause : null
2025-09-21 22:05:31,673 [WARN] ConditionMgr:438 - getConditionDescription Invalid condition id : UX DEVICE CLASS RTOS Condition cause : null
2025-09-21 22:05:31,675 [WARN] PackLoader:240 - Cannot read IP mode file for STMicroelectronics.X-CUBE-AZRTOS-WB.2.0.0
2025-09-21 22:05:31,676 [WARN] ConditionMgr:1044 - genDependencies : Invalid condition id : UX DEVICE CLASS RTOS Condition cause : null
2025-09-21 22:05:31,676 [WARN] ConditionMgr:1044 - genDependencies : Invalid condition id : UX DEVICE CLASS RTOS Condition cause : null
2025-09-21 22:05:31,676 [WARN] ConditionMgr:1044 - genDependencies : Invalid condition id : UX DEVICE CLASS RTOS Condition cause : null
2025-09-21 22:05:31,676 [WARN] ConditionMgr:1044 - genDependencies : Invalid condition id : UX DEVICE CLASS RTOS Condition cause : null
2025-09-21 22:05:31,676 [WARN] ConditionMgr:1044 - genDependencies : Invalid condition id : UX DEVICE CLASS RTOS Condition cause : null
2025-09-21 22:05:31,681 [WARN] PackLoader:240 - Cannot read IP mode file for STMicroelectronics.X-CUBE-FREERTOS.1.0.1
2025-09-21 22:05:31,685 [WARN] PackLoader:240 - Cannot read IP mode file for STMicroelectronics.X-CUBE-GNSS1.7.0.0
2025-09-21 22:05:31,691 [WARN] PackLoader:240 - Cannot read IP mode file for STMicroelectronics.X-CUBE-GNSS1.7.0.1
2025-09-21 22:05:31,696 [WARN] PackLoader:240 - Cannot read IP mode file for STMicroelectronics.X-CUBE-BLEMGR.1.0.0
2025-09-21 22:05:31,701 [WARN] PackLoader:240 - Cannot read IP mode file for STMicroelectronics.X-CUBE-TOUCHGFX.4.25.0
2025-09-21 22:05:31,707 [WARN] PackLoader:240 - Cannot read IP mode file for STMicroelectronics.FP-SNS-STBOX1.2.0.0
2025-09-21 22:05:31,713 [WARN] ConditionMgr:438 - getConditionDescription Invalid condition id : Cortex-A Device cause : null
2025-09-21 22:05:31,719 [WARN] ConditionMgr:1044 - genDependencies : Invalid condition id : Cortex-A Device cause : null
2025-09-21 22:05:31,720 [WARN] ConditionMgr:1044 - genDependencies : Invalid condition id : Cortex-A Device cause : null
2025-09-21 22:05:31,720 [WARN] ConditionMgr:1044 - genDependencies : Invalid condition id : Cortex-A Device cause : null
2025-09-21 22:05:31,730 [WARN] PackLoader:240 - Cannot read IP mode file for STMicroelectronics.X-CUBE-AZRTOS-L5.1.1.0
2025-09-21 22:05:31,734 [WARN] PackLoader:240 - Cannot read IP mode file for STMicroelectronics.X-CUBE-AI.8.0.1
2025-09-21 22:05:31,744 [WARN] PackLoader:240 - Cannot read IP mode file for STMicroelectronics.X-CUBE-SUBG2.5.0.0
2025-09-21 22:05:31,762 [WARN] PackLoader:240 - Cannot read IP mode file for STMicroelectronics.X-CUBE-AZRTOS-H7RS.1.1.0
2025-09-21 22:05:31,770 [WARN] PackLoader:240 - Cannot read IP mode file for Cesanta.I-CUBE-Mongoose.7.13.0
2025-09-21 22:05:31,781 [WARN] PackLoader:240 - Cannot read IP mode file for STMicroelectronics.X-CUBE-AZRTOS-G4.2.0.0
2025-09-21 22:05:31,790 [WARN] PackLoader:240 - Cannot read IP mode file for STMicroelectronics.X-CUBE-TOF1.3.3.0
2025-09-21 22:05:31,797 [WARN] PackLoader:240 - Cannot read IP mode file for STMicroelectronics.FP-ATR-ASTRA1.1.1.1
2025-09-21 22:05:31,808 [WARN] PackLoader:240 - Cannot read IP mode file for Infineon.AIROC-Wi-Fi-Bluetooth-STM32.1.5.1
2025-09-21 22:05:31,813 [WARN] PackLoader:240 - Cannot read IP mode file for STMicroelectronics.FP-ATR-ASTRA1.1.1.0
2025-09-21 22:05:31,816 [WARN] PackLoader:240 - Cannot read IP mode file for wolfSSL.I-CUBE-wolfSSH.1.4.20
2025-09-21 22:05:31,821 [WARN] PackLoader:240 - Cannot read IP mode file for STMicroelectronics.X-CUBE-NFC7.2.0.0
2025-09-21 22:05:31,825 [WARN] PackLoader:240 - Cannot read IP mode file for STMicroelectronics.FP-SNS-MOTENVWB1.1.3.1
2025-09-21 22:05:31,836 [WARN] PackLoader:240 - Cannot read IP mode file for STMicroelectronics.X-CUBE-AZRTOS-G4.1.0.0
2025-09-21 22:05:31,849 [WARN] PackLoader:240 - Cannot read IP mode file for STMicroelectronics.X-CUBE-AZRTOS-L4.1.0.0
2025-09-21 22:05:31,854 [WARN] PackLoader:240 - Cannot read IP mode file for STMicroelectronics.X-CUBE-ISPU.2.0.0
2025-09-21 22:05:31,865 [WARN] PackLoader:240 - Cannot read IP mode file for STMicroelectronics.X-CUBE-IPS.3.1.0
2025-09-21 22:05:31,875 [WARN] PackLoader:240 - Cannot read IP mode file for STMicroelectronics.X-CUBE-ALS.1.0.2
2025-09-21 22:05:31,905 [WARN] PackLoader:240 - Cannot read IP mode file for STMicroelectronics.X-CUBE-MEMS1.10.0.0
2025-09-21 22:05:32,031 [WARN] PackLoader:240 - Cannot read IP mode file for STMicroelectronics.X-CUBE-FREERTOS.1.1.0
2025-09-21 22:05:32,035 [WARN] PackLoader:240 - Cannot read IP mode file for STMicroelectronics.X-CUBE-TOUCHGFX.4.24.0
2025-09-21 22:05:32,046 [WARN] PackLoader:240 - Cannot read IP mode file for STMicroelectronics.X-CUBE-AZRTOS-WL.1.0.0
2025-09-21 22:05:32,052 [WARN] PackLoader:240 - Cannot read IP mode file for STMicroelectronics.X-CUBE-TOUCHGFX.4.24.1
2025-09-21 22:05:32,059 [WARN] PackLoader:240 - Cannot read IP mode file for STMicroelectronics.X-CUBE-STSE01.1.0.0
2025-09-21 22:05:32,063 [WARN] PackLoader:240 - Cannot read IP mode file for wolfSSL.I-CUBE-wolfTPM.3.4.0
2025-09-21 22:05:32,091 [WARN] PackLoader:240 - Cannot read IP mode file for portGmbH.I-Cube-SoM-uGOAL.1.1.0
2025-09-21 22:05:32,097 [WARN] PackLoader:240 - Cannot read IP mode file for STMicroelectronics.X-CUBE-ALS.1.0.1
2025-09-21 22:05:32,115 [WARN] PackLoader:240 - Cannot read IP mode file for STMicroelectronics.X-CUBE-AZRTOS-WB.1.1.0
2025-09-21 22:05:32,134 [WARN] PackLoader:240 - Cannot read IP mode file for STMicroelectronics.X-CUBE-AZRTOS-L5.1.0.0
2025-09-21 22:05:32,140 [WARN] PackLoader:240 - Cannot read IP mode file for STMicroelectronics.X-CUBE-EEPRMA1.3.1.1
2025-09-21 22:05:32,157 [WARN] PackLoader:240 - Cannot read IP mode file for STMicroelectronics.X-CUBE-AZRTOS-H7RS.1.0.0
2025-09-21 22:05:32,163 [WARN] PackLoader:240 - Cannot read IP mode file for STMicroelectronics.FP-ATR-ASTRA1.2.0.0
2025-09-21 22:05:32,173 [WARN] PackLoader:240 - Cannot read IP mode file for STMicroelectronics.X-CUBE-TOF1.3.4.2
2025-09-21 22:05:32,186 [WARN] PackLoader:240 - Cannot read IP mode file for STMicroelectronics.X-CUBE-TOF1.3.4.3
2025-09-21 22:05:32,201 [WARN] PackLoader:240 - Cannot read IP mode file for STMicroelectronics.X-CUBE-TOF1.3.4.0
2025-09-21 22:05:32,215 [WARN] PackLoader:240 - Cannot read IP mode file for STMicroelectronics.X-CUBE-TOF1.3.4.1
2025-09-21 22:05:32,238 [WARN] PackLoader:240 - Cannot read IP mode file for STMicroelectronics.X-CUBE-AZRTOS-H7.3.2.0
2025-09-21 22:05:32,245 [WARN] PackLoader:240 - Cannot read IP mode file for wolfSSL.I-CUBE-wolfSSH.1.4.17
2025-09-21 22:05:32,246 [INFO] ThirdParty:978 - Integrity check success = true
2025-09-21 22:05:32,246 [INFO] IntegrityCheckThread:100 - exiting critical section [integrity check]
2025-09-21 22:05:32,246 [INFO] IntegrityCheckThread:103 - End integrity checks thread
2025-09-21 22:45:39,744 [ERROR] LogOutputStream:75 - [STDERR_REDIRECT] 
